countryName,countryCode,emissionPerCap,totalEmission,continent
AJ네트웍스,A,50.3,50.3,"사업시설 관리, 사업 지원 및 임대 서비스업"
AK홀딩스,A,18.7,18.7,금융 및 보험업
BNK금융지주,A,56.1,56.1,금융 및 보험업
BNK캐피탈,A,51,51,금융 및 보험업
BYC,A,37.7,37.7,제조업
CJ,A,33.3,33.3,금융 및 보험업
CJ씨푸드,A,26.2,26.2,제조업
CJ제일제당,A,8.7,8.7,제조업
CMG제약,A,34.9,34.9,제조업
DBInc.,A,25,25,정보통신업
DB금융투자,A,55.9,55.9,금융 및 보험업
DB생명보험,A,54.8,54.8,금융 및 보험업
DB손해보험,A,50.4,50.4,금융 및 보험업
DB하이텍,A,42,42,제조업
DGB금융지주,A,60,66.7,금융 및 보험업
DGB생명보험,A,41.2,41.2,금융 및 보험업
DSR,A,37,37,제조업
DSR제강,A,37.6,37.6,제조업
E1,A,43.8,43.8,도매 및 소매업
F&F,A,23,23,제조업
GS,A,32.3,32.3,금융 및 보험업
GS에너지,A,40.9,40.9,금융 및 보험업
GS칼텍스,A,35.8,35.8,제조업
GS파워,A,26.5,26.5,"전기, 가스, 증기 및 공기 조절 공급업"
JB금융지주,A,32.4,32.4,금융 및 보험업
JW중외제약,A,21.3,21.3,제조업
JW홀딩스,A,16.4,16.4,금융 및 보험업
KBS미디어,A,29.5,29.5,정보통신업
KB금융지주,A,28,28,금융 및 보험업
KB손해보험,A,42.9,42.9,금융 및 보험업
KB오토시스,A,24.9,24.9,제조업
KD건설,A,16.2,16.2,건설업
KG케미칼,A,48.4,48.4,제조업
KISCO홀딩스,A,47.9,47.9,금융 및 보험업
KPX그린케미칼,A,29.4,29.4,제조업
KPX케미칼,A,38,38,제조업
KPX홀딩스,A,23.5,23.5,금융 및 보험업
KR모터스,A,54.3,54.3,제조업
LF,A,21.2,21.2,제조업
LG,A,37.5,37.5,금융 및 보험업
LG상사,A,51.5,51.5,도매 및 소매업
LG생활건강,A,43.4,43.4,제조업
LG유플러스,A,33.3,33.3,정보통신업
LG전자,A,33.3,33.3,제조업
LG화학,A,33.8,33.8,제조업
LS,A,29.8,29.8,금융 및 보험업
LS네트웍스,A,30.2,30.2,도매 및 소매업
LS산전,A,22.7,22.7,제조업
LS전선,A,43.9,43.9,제조업
MH에탄올,A,58,58,제조업
NH농협손해보험,A,41.9,41.9,금융 및 보험업
NICE홀딩스,A,44.9,44.9,금융 및 보험업
NI스틸,A,37.5,37.5,제조업
OCI,A,37.3,37.3,제조업
아피메즈,A,-60,-104.5,제조업
S&T모티브,A,23.3,23.3,제조업
S&T중공업,A,30.4,30.4,제조업
S&T홀딩스,A,8.2,8.2,금융 및 보험업
SBS,A,17.3,17.3,정보통신업
SG세계물산,A,32.9,32.9,도매 및 소매업
SH에너지화학,A,27.4,27.4,제조업
SIMPAC,A,26.7,26.7,제조업
SK,A,20.3,20.3,금융 및 보험업
SKC,A,41.5,41.5,제조업
SK가스,A,45.7,45.7,도매 및 소매업
SK건설,A,43.5,43.5,건설업
SK네트웍스,A,40.2,40.2,도매 및 소매업
SK디앤디,A,47.7,47.7,부동산업
SK루브리컨츠,A,48.9,48.9,제조업
SK매직,A,40.6,40.6,제조업
SK바이오랜드,A,9.2,9.2,제조업
SK실트론,A,26.5,26.5,제조업
SK에너지,A,55.7,55.7,제조업
SK이노베이션,A,36.4,36.4,금융 및 보험업
SK인천석유화학,A,50.4,50.4,제조업
SK종합화학,A,46.9,46.9,제조업
SK증권,A,43.8,43.8,금융 및 보험업
SK텔레콤,A,27.3,27.3,정보통신업
SK해운,A,46.6,46.6,운수 및 창고업
S-Oil,A,38.7,38.7,제조업
SPC삼립,A,29.7,29.7,제조업
STX,A,42.6,42.6,도매 및 소매업
STX엔진,A,33.6,33.6,제조업
STX조선해양,A,35.4,35.4,제조업
STX중공업,A,39.7,39.7,제조업
TCC동양,A,39.4,39.4,제조업
WISCOM,A,36.5,36.5,제조업
가비아,A,19.9,19.9,정보통신업
가온미디어,A,35,35,제조업
가온전선,A,44.5,44.5,제조업
감마누,A,44.3,44.3,제조업
갑을메탈,A,26.3,26.3,제조업
강남제비스코,A,30.6,30.6,제조업
강스템바이오텍,A,48.5,48.5,제조업
강원도민프로축구단,A,13.1,13.1,"예술, 스포츠 및 여가관련 서비스업"
강원랜드,A,26.4,26.4,"예술, 스포츠 및 여가관련 서비스업"
강원일보,A,13.8,13.8,정보통신업
갤럭시아에스엠,A,44.8,44.8,"예술, 스포츠 및 여가관련 서비스업"
갤럭시아커뮤니케이션즈,A,19.3,19.3,정보통신업
게임빌,A,14.4,14.4,금융 및 보험업
경기도시공사,A,36.4,36.4,건설업
경남기업,A,49.4,49.4,건설업
경남도민프로축구단,A,41.1,41.1,"예술, 스포츠 및 여가관련 서비스업"
경남스틸,A,14.3,14.3,제조업
경남에너지,A,38.7,38.7,"전기, 가스, 증기 및 공기 조절 공급업"
경남은행,A,46,46,금융 및 보험업
경남제약,A,19,19,제조업
경농,A,31.2,31.2,제조업
경동나비엔,A,26.4,26.4,제조업
경동도시가스,A,37.8,37.8,"전기, 가스, 증기 및 공기 조절 공급업"
경동제약,A,40,40,제조업
경방,A,16.8,16.8,제조업
경보제약,A,28.6,28.6,제조업
경인양행,A,36,36,제조업
경인전자,A,18.6,18.6,제조업
경주신라컨트리클럽,A,31.1,31.1,"예술, 스포츠 및 여가관련 서비스업"
경창산업,A,12.6,12.6,제조업
계룡건설산업,A,44.8,44.8,건설업
계양전기,A,15.1,15.1,제조업
고려개발,A,16,16,건설업
고려반도체시스템,A,60,66.1,제조업
고려산업,A,42.7,42.7,제조업
고려시멘트,A,60,60.2,제조업
고려신용정보,A,56.9,56.9,"사업시설 관리, 사업 지원 및 임대 서비스업"
고려아연,A,53.3,53.3,제조업
고려제강,A,41.2,41.2,제조업
고려제약,A,37.9,37.9,제조업
고영테크놀러지,A,26.7,26.7,제조업
골드퍼시픽,A,60,73.5,도매 및 소매업
골든브릿지투자증권,A,41.1,41.1,금융 및 보험업
골든블루,A,25.9,25.9,제조업
골프존,A,51.7,51.7,정보통신업
골프존뉴딘,A,30.4,30.4,금융 및 보험업
오로라월드,A,-60,-60,"전문, 과학 및 기술 서비스업"
관악산업,A,57.3,57.3,건설업
광동제약,A,31.1,31.1,제조업
광림,A,4.5,4.5,제조업
광명전기,A,48.9,48.9,제조업
광전자,A,22.1,22.1,제조업
광주시민프로축구단,A,19.1,19.1,"예술, 스포츠 및 여가관련 서비스업"
광주신세계,A,50.8,50.8,도매 및 소매업
광주은행,A,41.3,41.3,금융 및 보험업
광진실업,A,19.5,19.5,제조업
광진윈텍,A,49.5,49.5,제조업
교보생명보험,A,39.2,39.2,금융 및 보험업
교보증권,A,36.9,36.9,금융 및 보험업
구름게임즈앤컴퍼니,A,14.3,14.3,정보통신업
바이오씨앤디,A,-49.6,-49.6,"전문, 과학 및 기술 서비스업"
국도화학,A,29.5,29.5,제조업
국동,A,23.1,23.1,도매 및 소매업
국민은행,A,35.5,35.5,금융 및 보험업
국보,A,17.5,17.5,운수 및 창고업
국보디자인,A,46.6,46.6,건설업
국순당,A,19,19,제조업
국영지앤엠,A,37.4,37.4,제조업
국일신동,A,33.2,33.2,제조업
국일제지,A,40.4,40.4,제조업
국제약품,A,35.1,35.1,제조업
굿센,A,42.9,42.9,정보통신업
그랜드백화점,A,36,36,도매 및 소매업
그랜드코리아레저,A,23,23,"예술, 스포츠 및 여가관련 서비스업"
그린플러스,A,16.4,16.4,제조업
극동유화,A,33.5,33.5,제조업
극동자동화,A,57,57,건설업
극동전선,A,47.2,47.2,제조업
글로벌스탠다드테크놀로지,A,48.9,48.9,제조업
글로벌에스엠테크리미티드,A,50,50,금융 및 보험업
글로벌텍스프리,A,29.9,29.9,금융 및 보험업
글로본,A,35.4,35.4,금융 및 보험업
글로웨이,A,17,17,건설업
금강공업,A,26.8,26.8,제조업
금강철강,A,46.6,46.6,제조업
금양,A,2.1,2.1,제조업
금호산업,A,56.6,56.6,건설업
금호석유화학,A,34.2,34.2,제조업
금호에이치티,A,13.2,13.2,제조업
금호전기,A,37.4,37.4,제조업
금호타이어,A,17.9,17.9,제조업
금호피앤비화학,A,47.7,47.7,제조업
금화피에스시,A,18.4,18.4,건설업
기가레인,A,43.5,43.5,제조업
기산텔레콤,A,35,35,제조업
기아자동차,A,22.3,22.3,제조업
기흥관광개발,A,53.5,53.5,"예술, 스포츠 및 여가관련 서비스업"
까뮤이앤씨,A,32.1,32.1,건설업
깨끗한나라,A,27,27,제조업
나노,A,24.6,24.6,제조업
지스마트,A,-48.8,-48.8,제조업
나노스,A,17.1,17.1,제조업
나노신소재,A,20,20,제조업
나노엔텍,A,26.1,26.1,제조업
나노캠텍,A,26,26,제조업
나눔기술,A,52,52,정보통신업
나눔테크,A,47.1,47.1,제조업
나라엠앤디,A,36.1,36.1,제조업
나무가,A,41.5,41.5,제조업
나무기술,A,29.3,29.3,정보통신업
나스미디어,A,18,18,"전문, 과학 및 기술 서비스업"
나이벡,A,4.3,4.3,제조업
나이스디앤비,A,33.9,33.9,"사업시설 관리, 사업 지원 및 임대 서비스업"
나이스정보통신,A,36,36,정보통신업
나이스평가정보,A,46,46,정보통신업
나인테크,A,48.2,48.2,제조업
남광토건,A,60,61.6,건설업
남선알미늄,A,40.5,40.5,제조업
남성,A,18.4,18.4,도매 및 소매업
남양레저,A,24.6,24.6,"예술, 스포츠 및 여가관련 서비스업"
남양유업,A,46.4,46.4,제조업
남영비비안,A,13.6,13.6,제조업
남해화학,A,60,72.7,제조업
남화토건,A,49.4,49.4,건설업
내일신문,A,20.9,20.9,정보통신업
내츄럴엔도텍,A,34.7,34.7,"전문, 과학 및 기술 서비스업"
네오디안테크놀로지,A,14.9,14.9,정보통신업
네오오토,A,12.7,12.7,제조업
네오위즈,A,17.7,17.7,정보통신업
네오위즈홀딩스,A,60,66.7,금융 및 보험업
네오티스,A,14.7,14.7,제조업
네오팜,A,31.3,31.3,제조업
네오플럭스,A,56.5,56.5,금융 및 보험업
네이버,A,21.4,21.4,정보통신업
네이블커뮤니케이션즈,A,25.3,25.3,정보통신업
네이처리퍼블릭,A,14.6,14.6,제조업
네이처셀,A,60,64.8,제조업
네추럴에프앤피,A,18.8,18.8,제조업
네패스,A,16.7,16.7,제조업
네패스신소재,A,27.5,27.5,제조업
넥상스코리아,A,56.3,56.3,제조업
넥센,A,15.9,15.9,금융 및 보험업
넥센타이어,A,37.9,37.9,제조업
넥센테크,A,51.2,51.2,제조업
넥스지,A,51.9,51.9,정보통신업
넥스콘테크놀러지,A,38.4,38.4,제조업
넥스턴,A,4,4,제조업
넥스트리밍,A,48.9,48.9,정보통신업
넥스트비티,A,45.2,45.2,도매 및 소매업
넥스트아이,A,21.3,21.3,제조업
테라리소스,A,-45.5,-45.5,도매 및 소매업
넥스트칩,A,27.6,27.6,제조업
넥스피안,A,33.3,33.3,제조업
넥슨지티,A,8.4,8.4,정보통신업
넵튠,A,24,24,정보통신업
넷게임즈,A,21,21,정보통신업
노루페인트,A,30.8,30.8,제조업
노루홀딩스,A,22.1,22.1,금융 및 보험업
노바렉스,A,19.3,19.3,제조업
노바셀테크놀로지,A,51.2,51.2,"전문, 과학 및 기술 서비스업"
팜스웰바이오,A,-44.9,-44.9,도매 및 소매업
녹십자,A,15.5,15.5,제조업
녹십자랩셀,A,12.8,12.8,"전문, 과학 및 기술 서비스업"
녹십자셀,A,55.1,55.1,제조업
녹십자엠에스,A,23.9,23.9,제조업
녹십자홀딩스,A,30.9,30.9,"전문, 과학 및 기술 서비스업"
녹원씨엔아이,A,32.5,32.5,도매 및 소매업
농심,A,45.3,45.3,제조업
농심홀딩스,A,52.1,52.1,금융 및 보험업
농업회사법인농우바이오,A,50.8,50.8,"농업, 임업 및 어업"
농업회사법인의령군토요애유통,A,11.3,11.3,도매 및 소매업
농협금융지주,A,50.9,50.9,금융 및 보험업
농협생명보험,A,35.1,35.1,금융 및 보험업
누리텔레콤,A,28.8,28.8,정보통신업
누리플랜,A,41.5,41.5,제조업
뉴경기관광,A,11.8,11.8,"예술, 스포츠 및 여가관련 서비스업"
뉴로스,A,44.8,44.8,제조업
뉴보텍,A,26.9,26.9,제조업
뉴아세아조인트,A,15.4,15.4,제조업
뉴인텍,A,4,4,제조업
뉴트리바이오텍,A,16.2,16.2,제조업
뉴파워프라즈마,A,18.6,18.6,제조업
뉴프렉스,A,11.7,11.7,제조업
닉스테크,A,20,20,정보통신업
다나와,A,22.6,22.6,정보통신업
다날,A,25.6,25.6,정보통신업
다믈멀티미디어,A,43,43,제조업
다산네트웍스,A,48.4,48.4,제조업
다스코,A,31.8,31.8,제조업
다우기술,A,23.4,23.4,정보통신업
다우데이타,A,25.7,25.7,도매 및 소매업
다원시스,A,24,24,제조업
다이노나,A,30.9,30.9,"전문, 과학 및 기술 서비스업"
다이오진,A,4.7,4.7,"전문, 과학 및 기술 서비스업"
다함이텍,A,60,87.2,제조업
대경기계기술,A,49.7,49.7,제조업
대교,A,32,32,교육 서비스업
대교홀딩스,A,37.3,37.3,금융 및 보험업
티씨케이,A,-40.7,-40.7,제조업
대구백화점,A,48.5,48.5,도매 및 소매업
썬테크놀로지스,A,-38.5,-38.5,제조업
대구은행,A,40.6,40.6,금융 및 보험업
대농,A,5.7,5.7,제조업
대덕GDS,A,25.8,25.8,제조업
대덕전자,A,26.6,26.6,제조업
대동공업,A,31.5,31.5,제조업
대동금속,A,47.1,47.1,제조업
대동기어,A,56.1,56.1,제조업
대동스틸,A,21.9,21.9,제조업
대림비앤코,A,22.1,22.1,제조업
대림산업,A,47.6,47.6,건설업
대림씨엔에스,A,48.8,48.8,제조업
대림제지,A,35.4,35.4,제조업
대림코퍼레이션,A,34,34,도매 및 소매업
대림통상,A,26.6,26.6,제조업
대명코퍼레이션,A,30,30,도매 및 소매업
대백저축은행,A,52.9,52.9,금융 및 보험업
대봉엘에스,A,30.2,30.2,제조업
대상,A,52.4,52.4,제조업
대상홀딩스,A,48.3,48.3,금융 및 보험업
대선조선,A,26.5,26.5,제조업
대성미생물연구소,A,29.7,29.7,제조업
대성산업,A,32.4,32.4,도매 및 소매업
대성에너지,A,37.7,37.7,"전기, 가스, 증기 및 공기 조절 공급업"
대성엘텍,A,17.5,17.5,제조업
대성창업투자,A,44.4,44.4,금융 및 보험업
대성파인텍,A,8.3,8.3,제조업
대성홀딩스,A,51.4,51.4,"전문, 과학 및 기술 서비스업"
대신에프앤아이,A,52.6,52.6,금융 및 보험업
대신증권,A,36.5,36.5,금융 및 보험업
대아티아이,A,30,30,정보통신업
대양금속,A,36.1,36.1,제조업
대양전기공업,A,21.9,21.9,제조업
대영씨엔이,A,1.2,1.2,제조업
대영포장,A,39.2,39.2,제조업
대우건설,A,40.1,40.1,건설업
대우로지스틱스,A,27,27,운수 및 창고업
대우산업개발,A,51.8,51.8,건설업
대우전자부품,A,22.7,22.7,제조업
대우정보시스템,A,35.2,35.2,정보통신업
대우조선해양,A,37.7,37.7,제조업
대웅,A,31.5,31.5,금융 및 보험업
대웅제약,A,30,30,제조업
대원,A,32.1,32.1,건설업
대원강업,A,26.9,26.9,제조업
대원미디어,A,52,52,정보통신업
대원산업,A,4.4,4.4,제조업
대원전선,A,33.1,33.1,제조업
대원제약,A,29.2,29.2,제조업
대원화성,A,43.3,43.3,제조업
대유SE,A,18.4,18.4,제조업
대유에이텍,A,0.7,0.7,제조업
대유위니아,A,41.8,41.8,제조업
대유플러스,A,60,62,제조업
대전시티즌,A,20.7,20.7,"예술, 스포츠 및 여가관련 서비스업"
대정화금,A,37.8,37.8,제조업
대주산업,A,13.9,13.9,제조업
대주이엔티,A,28.8,28.8,제조업
대주전자재료,A,16.9,16.9,제조업
대주코레스,A,23.1,23.1,제조업
대진디엠피,A,16.9,16.9,제조업
대창,A,25.7,25.7,제조업
대창단조,A,46.2,46.2,제조업
대창솔루션,A,46.8,46.8,제조업
대창스틸,A,20.8,20.8,제조업
이매진아시아,A,-33.7,-33.7,정보통신업
대한광통신,A,47.1,47.1,제조업
대한뉴팜,A,42,42,제조업
대한바이오링크,A,32.6,32.6,제조업
대한방직,A,19.5,19.5,제조업
대한상선,A,60,61.9,운수 및 창고업
대한약품공업,A,21.5,21.5,제조업
대한유화,A,53.8,53.8,제조업
대한전선,A,27.4,27.4,제조업
대한제강,A,20.2,20.2,제조업
대한제당,A,43,43,제조업
대한제분,A,35.5,35.5,제조업
대한항공,A,41.2,41.2,운수 및 창고업
대한해운,A,1.2,1.2,운수 및 창고업
대한화섬,A,50,50,제조업
대현,A,25.8,25.8,제조업
대호에이엘,A,36.7,36.7,제조업
대호피앤씨,A,38.6,38.6,제조업
대화제약,A,28.9,28.9,제조업
더블유게임즈,A,32.3,32.3,정보통신업
더블유에프엠,A,38.6,38.6,정보통신업
더블유홀딩컴퍼니,A,58.1,58.1,운수 및 창고업
더이앤엠,A,14.7,14.7,정보통신업
더존다스,A,16.6,16.6,정보통신업
더존비즈온,A,26.8,26.8,정보통신업
덕산네오룩스,A,2.3,2.3,제조업
덕산하이메탈,A,24.8,24.8,금융 및 보험업
덕성,A,30.5,30.5,제조업
덕신하우징,A,18.3,18.3,제조업
덕양산업,A,12.3,12.3,제조업
덕우전자,A,41.4,41.4,제조업
데브시스터즈,A,23.7,23.7,정보통신업
데이타솔루션,A,23.8,23.8,정보통신업
데이터스트림즈,A,48.4,48.4,정보통신업
데일리블록체인,A,28.4,28.4,정보통신업
데카시스템,A,47.2,47.2,제조업
데코앤이,A,21.5,21.5,제조업
덱스터스튜디오,A,26.9,26.9,정보통신업
덴티움,A,34.6,34.6,제조업
도이치모터스,A,25.7,25.7,도매 및 소매업
도화엔지니어링,A,47.1,47.1,"전문, 과학 및 기술 서비스업"
동구바이오제약,A,17.2,17.2,제조업
동국산업,A,38.9,38.9,제조업
동국실업,A,24.5,24.5,제조업
동국알앤에스,A,38.3,38.3,제조업
동국에스엔씨,A,30.6,30.6,제조업
동국제강,A,36.8,36.8,제조업
동국제약,A,41.5,41.5,제조업
동남합성,A,21.1,21.1,제조업
동두천드림파워,A,46.1,46.1,"전기, 가스, 증기 및 공기 조절 공급업"
동방,A,30.7,30.7,운수 및 창고업
동방선기,A,31.5,31.5,제조업
동방아그로,A,47.5,47.5,제조업
동부건설,A,54.5,54.5,건설업
동부제철,A,34.8,34.8,제조업
동서,A,44.7,44.7,도매 및 소매업
동성제약,A,23.5,23.5,제조업
동성코퍼레이션,A,25.9,25.9,"전문, 과학 및 기술 서비스업"
동성화인텍,A,21.1,21.1,제조업
동성화학,A,27.4,27.4,제조업
동신건설,A,39.3,39.3,건설업
동아,A,30.4,30.4,제조업
동아쏘시오홀딩스,A,37.8,37.8,금융 및 보험업
동아에스티,A,33.3,33.3,제조업
동아엘텍,A,54.5,54.5,제조업
동아지질,A,32.4,32.4,건설업
동아화성,A,9.5,9.5,제조업
동양,A,42.4,42.4,제조업
동양건설산업,A,47.8,47.8,건설업
동양고속,A,28.4,28.4,운수 및 창고업
동양네트웍스,A,13.7,13.7,정보통신업
동양레저,A,21.8,21.8,"예술, 스포츠 및 여가관련 서비스업"
동양물산기업,A,31,31,제조업
동양생명보험,A,42.4,42.4,금융 및 보험업
동양에스텍,A,32.4,32.4,제조업
동양이엔피,A,47.5,47.5,제조업
동양철관,A,29.4,29.4,제조업
동양텔레콤,A,29.7,29.7,제조업
동양파일,A,51.2,51.2,제조업
동양피스톤,A,25.3,25.3,제조업
동양피엔에프,A,31.5,31.5,제조업
동우팜투테이블,A,22.2,22.2,제조업
동운아나텍,A,33.8,33.8,제조업
동원,A,35.4,35.4,광업
동원F&B,A,39.6,39.6,제조업
동원개발,A,50.9,50.9,건설업
동원산업,A,60,63.5,"농업, 임업 및 어업"
동원수산,A,44,44,"농업, 임업 및 어업"
동원시스템즈,A,30.7,30.7,제조업
동원엔터프라이즈,A,28.3,28.3,금융 및 보험업
동일고무벨트,A,29.2,29.2,제조업
동일금속,A,41,41,제조업
동일기연,A,37.5,37.5,제조업
동일방직,A,4.3,4.3,제조업
동일산업,A,52.5,52.5,제조업
동일제강,A,46.3,46.3,제조업
동일철강,A,48.9,48.9,제조업
동진쎄미켐,A,18.7,18.7,제조업
동화기업,A,39.3,39.3,제조업
동화약품,A,27.9,27.9,제조업
두산,A,35.6,35.6,"전문, 과학 및 기술 서비스업"
두산건설,A,49.9,49.9,건설업
두산밥캣,A,28.9,28.9,금융 및 보험업
두산엔진,A,46.9,46.9,제조업
두산인프라코어,A,32.3,32.3,제조업
두산중공업,A,40,40,제조업
두올,A,12.6,12.6,제조업
두올산업,A,18.1,18.1,제조업
두원석재,A,12.2,12.2,광업
듀켐바이오,A,29.9,29.9,제조업
드래곤플라이,A,19.4,19.4,정보통신업
드림라인,A,29.2,29.2,정보통신업
드림시큐리티,A,31.2,31.2,정보통신업
디딤,A,21.2,21.2,숙박 및 음식점업
디바이스이엔지,A,44.8,44.8,제조업
디비라이텍,A,34.7,34.7,제조업
디비메탈,A,60,61.1,제조업
디비케이,A,15.6,15.6,제조업
디스플레이테크,A,30.9,30.9,제조업
디씨엠,A,23.1,23.1,제조업
디아메스코,A,27.9,27.9,제조업
노브메타파마,A,-33.1,-33.1,"전문, 과학 및 기술 서비스업"
디아이씨,A,38.2,38.2,제조업
디알비동일,A,31.7,31.7,금융 및 보험업
디알텍,A,28.7,28.7,제조업
디앤씨미디어,A,18,18,정보통신업
디에스씨인베스트먼트,A,45.9,45.9,금융 및 보험업
디에스케이,A,46,46,제조업
디에스티로봇,A,34.5,34.5,제조업
디에이치피코리아,A,25.7,25.7,제조업
디에이테크놀로지,A,47,47,제조업
디에이피,A,31.2,31.2,제조업
디엔에이링크,A,2.3,2.3,"전문, 과학 및 기술 서비스업"
디엔에프,A,19,19,제조업
디엠씨,A,23.4,23.4,제조업
디엠에스,A,45.2,45.2,제조업
디엠티,A,49.4,49.4,제조업
디오,A,37.7,37.7,제조업
이아이디,A,-32,-32,도매 및 소매업
디와이파워,A,20.5,20.5,제조업
디이엔티,A,37.1,37.1,제조업
디젠스,A,24.3,24.3,제조업
디지비캐피탈,A,52.9,52.9,금융 및 보험업
디지아이,A,37,37,제조업
디지캡,A,23.1,23.1,정보통신업
디지탈옵틱,A,4.7,4.7,제조업
디지털대성,A,32.6,32.6,교육 서비스업
디지털타임스,A,28.6,28.6,정보통신업
디지틀조선일보,A,28.9,28.9,정보통신업
디케이디앤아이,A,10.8,10.8,제조업
디케이락,A,13.9,13.9,제조업
디티알오토모티브,A,16.9,16.9,제조업
디티앤씨,A,38.5,38.5,"전문, 과학 및 기술 서비스업"
디피씨,A,39.3,39.3,제조업
딜리,A,13.7,13.7,제조업
라온시큐어,A,28.3,28.3,정보통신업
라온테크,A,38.1,38.1,제조업
라이브플렉스,A,43.6,43.6,도매 및 소매업
라이온켐텍,A,22.7,22.7,제조업
라이트론,A,30.4,30.4,제조업
나노메딕스,A,-28.6,-28.6,제조업
라이프사이언스테크놀로지,A,52,52,정보통신업
라파스,A,23.7,23.7,제조업
락앤락,A,35.6,35.6,제조업
래몽래인,A,17.8,17.8,정보통신업
램테크놀러지,A,55.6,55.6,제조업
랩지노믹스,A,24.4,24.4,"전문, 과학 및 기술 서비스업"
럭스피아,A,35.6,35.6,제조업
레고켐바이오사이언스,A,26.3,26.3,"전문, 과학 및 기술 서비스업"
레드로버,A,29.9,29.9,정보통신업
레드캡투어,A,26.3,26.3,"사업시설 관리, 사업 지원 및 임대 서비스업"
레이언스,A,43.4,43.4,제조업
레이젠,A,31.4,31.4,제조업
렉스필드컨트리클럽,A,17.8,17.8,"예술, 스포츠 및 여가관련 서비스업"
로고스바이오시스템스,A,53.1,53.1,제조업
로보로보,A,32,32,제조업
로보스타,A,38.1,38.1,제조업
로보쓰리,A,44,44,"전문, 과학 및 기술 서비스업"
로지시스,A,17.6,17.6,정보통신업
로체시스템즈,A,32.6,32.6,제조업
롯데건설,A,35.2,35.2,건설업
롯데관광개발,A,18.7,18.7,"사업시설 관리, 사업 지원 및 임대 서비스업"
롯데글로벌로지스,A,32.7,32.7,운수 및 창고업
롯데렌탈,A,36,36,"사업시설 관리, 사업 지원 및 임대 서비스업"
롯데로지스틱스,A,25.5,25.5,운수 및 창고업
롯데손해보험,A,42.5,42.5,금융 및 보험업
롯데쇼핑,A,48.4,48.4,도매 및 소매업
롯데오토리스,A,53.8,53.8,금융 및 보험업
롯데정밀화학,A,45.9,45.9,제조업
롯데칠성음료,A,45.3,45.3,제조업
롯데카드,A,38.9,38.9,금융 및 보험업
롯데캐피탈,A,45.1,45.1,금융 및 보험업
롯데케미칼,A,41,41,제조업
롯데푸드,A,32.1,32.1,제조업
롯데하이마트,A,40.4,40.4,도매 및 소매업
루멘스,A,31.4,31.4,제조업
루미마이크로,A,12.3,12.3,제조업
루켄테크놀러지스,A,15.9,15.9,제조업
루트로닉,A,22.1,22.1,제조업
루트원플러스,A,37.7,37.7,제조업
룽투코리아,A,24.4,24.4,정보통신업
리노공업,A,37.5,37.5,제조업
리노스,A,42.7,42.7,도매 및 소매업
리더스코스메틱,A,37.9,37.9,제조업
리독스바이오,A,11.3,11.3,제조업
리드,A,41.1,41.1,제조업
리드코프,A,17.8,17.8,도매 및 소매업
리켐,A,30.5,30.5,제조업
린드먼아시아인베스트먼트,A,16.2,16.2,금융 및 보험업
링네트,A,24,24,정보통신업
링크제니시스,A,28.2,28.2,정보통신업
마니커,A,14.3,14.3,제조업
마이다스아이티,A,18.8,18.8,정보통신업
마이크로컨텍솔루션,A,54.7,54.7,제조업
마이크로프랜드,A,33.6,33.6,제조업
마제스타,A,25.1,25.1,"예술, 스포츠 및 여가관련 서비스업"
마크로젠,A,26.2,26.2,"전문, 과학 및 기술 서비스업"
만도,A,32.6,32.6,제조업
매경닷컴,A,26.7,26.7,정보통신업
매일방송,A,34.6,34.6,정보통신업
매일유업,A,23.3,23.3,제조업
매일홀딩스,A,54.1,54.1,금융 및 보험업
매직마이크로,A,30.1,30.1,제조업
매커스,A,38.6,38.6,도매 및 소매업
맥스로텍,A,35,35,제조업
멀티캠퍼스,A,20.4,20.4,교육 서비스업
멈스,A,26.2,26.2,제조업
메가스터디,A,28.8,28.8,정보통신업
메가스터디교육,A,24.6,24.6,교육 서비스업
메가엠디,A,29.2,29.2,교육 서비스업
메가젠임플란트,A,60,60.2,제조업
메디셀,A,30.8,30.8,제조업
메디쎄이,A,28.9,28.9,제조업
메디아나,A,32.5,32.5,제조업
메디안디노스틱,A,26.9,26.9,제조업
메디오젠,A,39.7,39.7,제조업
메디젠휴먼케어,A,12.5,12.5,"전문, 과학 및 기술 서비스업"
메디키네틱스,A,14.1,14.1,제조업
메디톡스,A,45.3,45.3,제조업
메디포스트,A,18.2,18.2,제조업
메디프론디비티,A,2.1,2.1,도매 및 소매업
메디플란트,A,24.7,24.7,"사업시설 관리, 사업 지원 및 임대 서비스업"
메르세데스벤츠파이낸셜서비스코리아,A,53.4,53.4,도매 및 소매업
메리츠금융지주,A,20,20,금융 및 보험업
메리츠종합금융증권,A,53.5,53.5,금융 및 보험업
메리츠캐피탈,A,58.8,58.8,금융 및 보험업
메리츠화재해상보험,A,39.2,39.2,금융 및 보험업
메지온,A,23.3,23.3,"전문, 과학 및 기술 서비스업"
메카로,A,50,50,제조업
메타바이오메드,A,25.7,25.7,제조업
멕아이씨에스,A,37.1,37.1,제조업
멜파스,A,39.1,39.1,제조업
명문제약,A,42.9,42.9,제조업
모나리자,A,47.8,47.8,제조업
모나미,A,46.3,46.3,도매 및 소매업
모다,A,41.4,41.4,제조업
모다이노칩,A,38.9,38.9,제조업
모두투어네트워크,A,20.2,20.2,"사업시설 관리, 사업 지원 및 임대 서비스업"
모두투어자기관리부동산투자회사,A,17.7,17.7,부동산업
모바일리더,A,3.1,3.1,정보통신업
모바일어플라이언스,A,40.4,40.4,정보통신업
모베이스,A,55.6,55.6,제조업
모보,A,41.3,41.3,제조업
모비스,A,0.1,0.1,정보통신업
모토닉,A,34.2,34.2,제조업
모트렉스,A,20.4,20.4,제조업
무림에스피,A,35.8,35.8,제조업
무림페이퍼,A,31.3,31.3,제조업
무림피앤피,A,45.3,45.3,제조업
무학,A,50,50,제조업
무한비트,A,39,39,정보통신업
문경관광개발,A,27.6,27.6,"예술, 스포츠 및 여가관련 서비스업"
문배철강,A,27.1,27.1,제조업
미니멈컬렉션,A,19.6,19.6,제조업
미동앤씨네마,A,60,60.4,제조업
미디어젠,A,4.1,4.1,정보통신업
미라콤아이앤씨,A,8.6,8.6,정보통신업
미래나노텍,A,25,25,제조업
미래산업,A,41.3,41.3,제조업
미래생명자원,A,28.4,28.4,제조업
미래아이앤지,A,26.8,26.8,정보통신업
미래에셋대우,A,40.4,40.4,금융 및 보험업
미래에셋생명보험,A,38.2,38.2,금융 및 보험업
미래에셋자산운용,A,38.8,38.8,금융 및 보험업
미래에셋캐피탈,A,52.5,52.5,금융 및 보험업
미래엔,A,12,12,정보통신업
미래컴퍼니,A,18.2,18.2,제조업
미래테크놀로지,A,49.9,49.9,정보통신업
미성포리테크,A,40.8,40.8,제조업
미스터블루,A,26.1,26.1,정보통신업
미애부,A,26.7,26.7,도매 및 소매업
미원상사,A,9.3,9.3,제조업
미원스페셜티케미칼,A,15,15,제조업
넥스트엔터테인먼트월드,A,-28.2,-28.2,정보통신업
미원화학,A,0.8,0.8,제조업
미주제강,A,13.3,13.3,제조업
미창석유공업,A,56.6,56.6,제조업
미코,A,15.2,15.2,제조업
미코나노바이오시스,A,27.2,27.2,제조업
미투온,A,28.9,28.9,정보통신업
민앤지,A,23.7,23.7,정보통신업
바디텍메드,A,43.9,43.9,제조업
바로코사,A,28.8,28.8,도매 및 소매업
바른손이앤에이,A,30.2,30.2,정보통신업
바른전자,A,34.8,34.8,제조업
바른테크놀로지,A,10.8,10.8,제조업
바이넥스,A,41.7,41.7,제조업
바이로메드,A,3.2,3.2,"전문, 과학 및 기술 서비스업"
바이오니아,A,31.1,31.1,제조업
바이오데이즈,A,26.7,26.7,제조업
바이오로그디바이스,A,48.2,48.2,제조업
바이오리더스,A,5,5,"전문, 과학 및 기술 서비스업"
바이오빌,A,34.9,34.9,제조업
서울개인택시복지법인,A,-26,-26,도매 및 소매업
바이오스마트,A,42.3,42.3,제조업
플렉스파워에이더블유에스,A,-24.1,-24.1,도매 및 소매업
미원홀딩스,A,-23.8,-23.8,금융 및 보험업
바이오이즈,A,13.5,13.5,제조업
바이오인프라생명과학,A,35.2,35.2,"전문, 과학 및 기술 서비스업"
바이오제네틱스,A,51.2,51.2,제조업
바이오제닉스,A,16.5,16.5,제조업
바이오코아,A,12.9,12.9,"전문, 과학 및 기술 서비스업"
바이오톡스텍,A,25.6,25.6,"전문, 과학 및 기술 서비스업"
바이오프로테크,A,25.3,25.3,제조업
바이온,A,41.3,41.3,도매 및 소매업
바텍,A,60,60.6,제조업
배럴,A,26.5,26.5,제조업
백광산업,A,43.8,43.8,제조업
백광소재,A,26.6,26.6,제조업
백금티앤에이,A,37.7,37.7,제조업
백산,A,34.3,34.3,제조업
범양건영,A,44.8,44.8,건설업
범양사,A,42.2,42.2,제조업
베셀,A,42.4,42.4,제조업
벽산,A,41.8,41.8,제조업
보광산업,A,47.3,47.3,광업
보라티알,A,26.4,26.4,도매 및 소매업
보락,A,27.4,27.4,제조업
보령메디앙스,A,23.8,23.8,제조업
보령엘엔지터미널,A,60,62,"전기, 가스, 증기 및 공기 조절 공급업"
보령제약,A,27.3,27.3,제조업
보성,A,60,77.2,건설업
보성파워텍,A,30.8,30.8,제조업
보진재,A,21,21,제조업
보해양조,A,16.2,16.2,제조업
볼빅,A,0,0,제조업
부광약품,A,42,42,제조업
부국증권,A,60,67.6,금융 및 보험업
부국철강,A,35.2,35.2,제조업
부방,A,41.1,41.1,금융 및 보험업
부산도시가스,A,17.1,17.1,"전기, 가스, 증기 및 공기 조절 공급업"
부산도시공사,A,32,32,건설업
부산산업,A,33.5,33.5,제조업
부산은행,A,43,43,금융 및 보험업
부산주공,A,25,25,제조업
부-스타,A,29.6,29.6,제조업
불교텔레비전,A,13.1,13.1,정보통신업
뷰웍스,A,30.6,30.6,제조업
브레인콘텐츠,A,42.6,42.6,정보통신업
브리지텍,A,27.3,27.3,정보통신업
브이원텍,A,23.6,23.6,제조업
블루콤,A,28.1,28.1,제조업
블루홀,A,60,60.9,정보통신업
비나텍,A,9.2,9.2,제조업
비덴트,A,31.4,31.4,제조업
비디아이,A,14.8,14.8,제조업
비보존,A,12.3,12.3,"전문, 과학 및 기술 서비스업"
비상교육,A,6.6,6.6,정보통신업
비씨월드제약,A,25,25,제조업
비아트론,A,24,24,제조업
비에이치,A,18.4,18.4,제조업
비에이치아이,A,56.1,56.1,제조업
비에프테크,A,26.4,26.4,제조업
비엔디생활건강,A,33.4,33.4,제조업
비엠더블유파이낸셜서비스코리아,A,52.1,52.1,금융 및 보험업
비엠티,A,15.5,15.5,제조업
비즈니스온커뮤니케이션,A,31.2,31.2,정보통신업
비지에프,A,31.4,31.4,도매 및 소매업
비츠로셀,A,31.8,31.8,제조업
비트컴퓨터,A,17.4,17.4,정보통신업
비플라이소프트,A,43.6,43.6,정보통신업
비피유홀딩스,A,25.6,25.6,정보통신업
빅솔론,A,28.3,28.3,제조업
빅텍,A,27.3,27.3,제조업
빅토리콘텐츠,A,39.7,39.7,정보통신업
빙그레,A,19.9,19.9,제조업
빛샘전자,A,41.6,41.6,제조업
뿌리깊은나무들,A,43.9,43.9,정보통신업
사람인에이치알,A,30.3,30.3,정보통신업
사우스케이프,A,14.7,14.7,부동산업
사조대림,A,11.5,11.5,제조업
사조동아원,A,36.5,36.5,제조업
사조산업,A,45.8,45.8,"농업, 임업 및 어업"
사조씨푸드,A,17.7,17.7,제조업
사조오양,A,21.4,21.4,"농업, 임업 및 어업"
사조해표,A,37.7,37.7,제조업
사파이어테크놀로지,A,12.3,12.3,제조업
산은캐피탈,A,47.3,47.3,금융 및 보험업
삼강엠앤티,A,33.2,33.2,제조업
삼광글라스,A,23.3,23.3,제조업
삼기오토모티브,A,9.7,9.7,제조업
삼륭물산,A,15,15,제조업
삼미,A,35.2,35.2,도매 및 소매업
삼보모터스,A,22.9,22.9,제조업
삼보산업,A,47.1,47.1,제조업
삼보오토,A,43.2,43.2,제조업
삼보이엔씨,A,46.8,46.8,건설업
삼보컴퓨터,A,39.4,39.4,제조업
삼보판지,A,37.4,37.4,제조업
삼본정밀전자,A,32.1,32.1,제조업
삼부토건,A,58.5,58.5,건설업
삼성SDI,A,21.5,21.5,제조업
진로발효,A,-20.8,-20.8,제조업
삼성메디슨,A,21.4,21.4,제조업
삼성물산,A,35.1,35.1,도매 및 소매업
삼성바이오로직스,A,29.6,29.6,제조업
삼성생명보험,A,34.3,34.3,금융 및 보험업
삼성에스디에스,A,22.5,22.5,정보통신업
삼성엔지니어링,A,28.3,28.3,"전문, 과학 및 기술 서비스업"
삼성전기,A,25.6,25.6,제조업
삼성전자,A,30.7,30.7,제조업
삼성제약,A,28.1,28.1,제조업
삼성중공업,A,33.6,33.6,제조업
삼성증권,A,35.1,35.1,금융 및 보험업
삼성출판사,A,44.3,44.3,정보통신업
삼성카드,A,38.5,38.5,금융 및 보험업
삼성화재해상보험,A,47.1,47.1,금융 및 보험업
삼아알미늄,A,32.7,32.7,제조업
삼아제약,A,29.8,29.8,제조업
삼양사,A,37.1,37.1,제조업
삼양식품,A,18.9,18.9,제조업
삼양옵틱스,A,35.3,35.3,제조업
삼양통상,A,35,35,제조업
삼양패키징,A,39.7,39.7,제조업
삼양홀딩스,A,34.4,34.4,금융 및 보험업
삼영무역,A,49.2,49.2,도매 및 소매업
삼영엠텍,A,31,31,제조업
삼영이엔씨,A,42.8,42.8,제조업
삼영전자공업,A,40.8,40.8,제조업
삼영화학공업,A,28.2,28.2,제조업
삼우씨엠건축사사무소,A,50.7,50.7,"전문, 과학 및 기술 서비스업"
삼우엠스,A,53.1,53.1,제조업
삼원강재,A,48.8,48.8,제조업
삼원테크,A,33.4,33.4,제조업
삼익THK,A,30.6,30.6,제조업
삼일,A,26.9,26.9,운수 및 창고업
삼일기업공사,A,-20.2,-20.2,건설업
삼일제약,A,32.1,32.1,제조업
삼정펄프,A,30.4,30.4,제조업
삼중테크,A,30.7,30.7,제조업
삼지전자,A,60,65.9,제조업
삼진,A,49.4,49.4,제조업
삼진엘앤디,A,34.4,34.4,제조업
삼진제약,A,29,29,제조업
삼천당제약,A,41,41,제조업
삼천리,A,25.6,25.6,"전기, 가스, 증기 및 공기 조절 공급업"
삼천리자전거,A,26.7,26.7,도매 및 소매업
삼표시멘트,A,36.9,36.9,제조업
삼현철강,A,60,62.4,제조업
삼호,A,30.4,30.4,건설업
삼호개발,A,41.5,41.5,건설업
삼화네트웍스,A,38,38,정보통신업
삼화왕관,A,31.8,31.8,제조업
삼화전기,A,43.6,43.6,제조업
삼화전자공업,A,21.4,21.4,제조업
삼화콘덴서공업,A,16.7,16.7,제조업
삼화페인트공업,A,20.7,20.7,제조업
삼환기업,A,33.8,33.8,건설업
삼흥,A,45.8,45.8,"예술, 스포츠 및 여가관련 서비스업"
상보,A,19.1,19.1,제조업
상신브레이크,A,25,25,제조업
상신이디피,A,6.4,6.4,제조업
상신전자,A,25.3,25.3,제조업
상아프론테크,A,28,28,제조업
새로닉스,A,41.8,41.8,제조업
새론오토모티브,A,42.5,42.5,제조업
새롬정보시스템,A,17.9,17.9,정보통신업
샘코,A,36.4,36.4,제조업
샘표식품,A,28,28,제조업
서광,A,13.1,13.1,제조업
서린바이오사이언스,A,2,2,도매 및 소매업
서부티엔디,A,39.5,39.5,도매 및 소매업
서산,A,8.1,8.1,제조업
서암기계공업,A,44.7,44.7,제조업
서연,A,35.2,35.2,금융 및 보험업
씨앤케이인터내셔널,A,-19.8,-19.8,광업
서연전자,A,6.7,6.7,제조업
서연탑메탈,A,16.8,16.8,제조업
진양폴리우레탄,A,-19.6,-19.6,제조업
서울도시가스,A,46.4,46.4,"전기, 가스, 증기 및 공기 조절 공급업"
서울리거,A,32.3,32.3,제조업
서울바이오시스,A,15.5,15.5,제조업
서울반도체,A,17.2,17.2,제조업
서울식품공업,A,36.4,36.4,제조업
서울신문사,A,17.2,17.2,정보통신업
서울옥션,A,12,12,도매 및 소매업
서울전자통신,A,55.4,55.4,제조업
서울제약,A,37.8,37.8,제조업
서원,A,33.3,33.3,제조업
서원인텍,A,34.6,34.6,제조업
서전기전,A,23.6,23.6,제조업
서주산업개발,A,37.1,37.1,숙박 및 음식점업
서진오토모티브,A,50,50,제조업
서진캠,A,40.5,40.5,제조업
오션브릿지,A,-19.5,-19.5,제조업
서한,A,39.3,39.3,건설업
서호전기,A,47.3,47.3,제조업
서흥,A,31.7,31.7,제조업
서희건설,A,60,60.3,건설업
선광,A,28.2,28.2,운수 및 창고업
선데이토즈,A,34,34,정보통신업
선도전기,A,47.8,47.8,제조업
선바이오,A,-19.4,-19.4,제조업
선운,A,27,27,"예술, 스포츠 및 여가관련 서비스업"
선익시스템,A,35.1,35.1,제조업
선진,A,31.7,31.7,제조업
선창산업,A,20.8,20.8,제조업
성광벤드,A,33.7,33.7,제조업
성남시민프로축구단,A,32,32,"예술, 스포츠 및 여가관련 서비스업"
성도이엔지,A,30.7,30.7,"전문, 과학 및 기술 서비스업"
성문전자,A,20.4,20.4,제조업
성보화학,A,37,37,제조업
성신양회,A,53.4,53.4,제조업
성안,A,41.6,41.6,제조업
성우전자,A,38.2,38.2,제조업
성우테크론,A,38.9,38.9,제조업
성우하이텍,A,23.7,23.7,제조업
성원,A,35,35,제조업
성원아이북랜드,A,51.2,51.2,교육 서비스업
성지건설,A,49.4,49.4,건설업
성창기업지주,A,2.1,2.1,"전문, 과학 및 기술 서비스업"
성창오토텍,A,23.1,23.1,제조업
성호전자,A,38.3,38.3,제조업
키이스트,A,-18.8,-18.8,정보통신업
세동,A,8.2,8.2,제조업
세메스,A,28.5,28.5,제조업
세명전기공업,A,37.5,37.5,제조업
세명테크,A,1.9,1.9,제조업
세미스트,A,33.4,33.4,제조업
세미콘라이트,A,25.7,25.7,제조업
세방,A,30.6,30.6,운수 및 창고업
세방전지,A,50,50,제조업
세보엠이씨,A,32.4,32.4,건설업
세신버팔로,A,33.3,33.3,제조업
세아베스틸,A,44.6,44.6,제조업
세아제강,A,46.3,46.3,제조업
세아창원특수강,A,27.5,27.5,제조업
세아특수강,A,59.5,59.5,제조업
세아홀딩스,A,33.5,33.5,금융 및 보험업
세우글로벌,A,24.6,24.6,도매 및 소매업
세운메디칼,A,22.8,22.8,제조업
세원,A,23.7,23.7,제조업
세원물산,A,25.4,25.4,제조업
세원셀론텍,A,43.1,43.1,제조업
세이브존아이앤씨,A,28.3,28.3,도매 및 소매업
세종공업,A,26,26,제조업
세종머티리얼즈,A,37.5,37.5,제조업
세종텔레콤,A,36.5,36.5,정보통신업
세중,A,20,20,"사업시설 관리, 사업 지원 및 임대 서비스업"
세진중공업,A,46,46,제조업
세진티에스,A,7.1,7.1,제조업
세코닉스,A,23.8,23.8,제조업
세하,A,44.6,44.6,제조업
세화아이엠씨,A,10.8,10.8,제조업
세화피앤씨,A,41.3,41.3,제조업
센트럴시티,A,21.3,21.3,운수 및 창고업
셀루메드,A,27.6,27.6,제조업
셀바스에이아이,A,27.2,27.2,정보통신업
셀바스헬스케어,A,22.6,22.6,제조업
셀트리온,A,14.2,14.2,제조업
셀트리온스킨큐어,A,29.8,29.8,도매 및 소매업
셀트리온제약,A,39.9,39.9,제조업
셀트리온헬스케어,A,60,66.1,도매 및 소매업
소리바다,A,30.4,30.4,정보통신업
소프트센,A,36.7,36.7,도매 및 소매업
소프트캠프,A,29.8,29.8,정보통신업
손오공,A,27.3,27.3,제조업
솔고바이오메디칼,A,42.5,42.5,제조업
솔루에타,A,27.4,27.4,제조업
솔본,A,50,50,"전문, 과학 및 기술 서비스업"
솔브레인,A,23.6,23.6,제조업
솔트웍스,A,25.2,25.2,정보통신업
송원산업,A,32.3,32.3,제조업
쇼박스,A,9.6,9.6,정보통신업
수산아이앤티,A,36.4,36.4,정보통신업
수산중공업,A,35.9,35.9,제조업
수성,A,50.3,50.3,제조업
수양켐텍,A,1.2,1.2,제조업
수자원기술,A,37.3,37.3,건설업
수젠텍,A,21.5,21.5,제조업
쉬프트정보통신,A,37.6,37.6,정보통신업
슈프리마,A,30.9,30.9,제조업
슈프리마에이치큐,A,32.2,32.2,금융 및 보험업
슈피겐코리아,A,27,27,제조업
스맥,A,27.9,27.9,제조업
스카이문스테크놀로지,A,31,31,제조업
스킨앤스킨,A,52.5,52.5,제조업
스타플렉스,A,25.1,25.1,제조업
스템랩,A,38,38,"전문, 과학 및 기술 서비스업"
스튜디오드래곤,A,34.9,34.9,정보통신업
스틸플라워,A,14.6,14.6,제조업
스페이스솔루션,A,9.5,9.5,정보통신업
스페코,A,18.5,18.5,제조업
승일,A,30.1,30.1,제조업
시공테크,A,25.6,25.6,"전문, 과학 및 기술 서비스업"
시그네틱스,A,10.2,10.2,제조업
시그넷이브이,A,20,20,제조업
시냅스엠,A,39.4,39.4,정보통신업
시너지이노베이션,A,26.2,26.2,제조업
시노펙스,A,34.5,34.5,제조업
시벨코코리아,A,4.9,4.9,제조업
시스웍,A,49.2,49.2,제조업
시큐브,A,29.7,29.7,정보통신업
시큐센,A,40.2,40.2,정보통신업
시큐아이,A,20,20,정보통신업
신대양제지,A,37,37,제조업
신도리코,A,27.4,27.4,제조업
신라교역,A,17.9,17.9,"농업, 임업 및 어업"
신라섬유,A,43.1,43.1,부동산업
신라에스지,A,29.3,29.3,제조업
신라젠,A,15.8,15.8,"전문, 과학 및 기술 서비스업"
신비앤텍,A,48.7,48.7,제조업
신성델타테크,A,14.3,14.3,제조업
신성이엔지,A,29.3,29.3,제조업
신세계,A,51.3,51.3,도매 및 소매업
신세계건설,A,35.6,35.6,건설업
신세계동대구복합환승센터,A,60,60.2,도매 및 소매업
신세계아이앤씨,A,31.9,31.9,정보통신업
신세계인터내셔날,A,30.5,30.5,도매 및 소매업
신세계톰보이,A,13.6,13.6,도매 및 소매업
신세계푸드,A,37.8,37.8,숙박 및 음식점업
신송홀딩스,A,44.9,44.9,금융 및 보험업
신스타임즈,A,43.2,43.2,정보통신업
신신제약,A,25.5,25.5,제조업
신영건설,A,60,67,건설업
신영와코루,A,34,34,제조업
신원,A,26.6,26.6,제조업
신일산업,A,54.5,54.5,도매 및 소매업
신일제약,A,28.9,28.9,제조업
신진에스엠,A,18.4,18.4,제조업
신풍제약,A,32.7,32.7,제조업
신풍제지,A,41.5,41.5,제조업
신한,A,30.8,30.8,건설업
신한금융지주회사,A,32.4,32.4,금융 및 보험업
신한금융투자,A,36.9,36.9,금융 및 보험업
신한은행,A,40,40,금융 및 보험업
신한카드,A,27.4,27.4,금융 및 보험업
신한캐피탈,A,33.1,33.1,금융 및 보험업
신화실업,A,47.6,47.6,제조업
신화인터텍,A,21.3,21.3,제조업
신화콘텍,A,28.2,28.2,제조업
신흥,A,26.5,26.5,도매 및 소매업
신흥에스이씨,A,36.5,36.5,제조업
실리콘웍스,A,33.1,33.1,제조업
심텍,A,9.3,9.3,제조업
심텍홀딩스,A,28.6,28.6,금융 및 보험업
심팩메탈,A,40.4,40.4,제조업
싸이더스,A,29.8,29.8,정보통신업
싸이맥스,A,13.4,13.4,제조업
싸이토젠,A,18.5,18.5,"전문, 과학 및 기술 서비스업"
쌍방울,A,24.8,24.8,제조업
쌍용건설,A,39.2,39.2,건설업
쌍용양회공업,A,36.4,36.4,제조업
쌍용자동차,A,31,31,제조업
쌍용정보통신,A,25.5,25.5,정보통신업
써니전자,A,24,24,제조업
썬테크,A,25.6,25.6,제조업
라이트팜텍,A,-17.9,-17.9,"전문, 과학 및 기술 서비스업"
썸에이지,A,28.7,28.7,정보통신업
쎄노텍,A,13.4,13.4,제조업
쎄니트,A,39.4,39.4,제조업
쎄미시스코,A,60,68.6,제조업
쎄트렉아이,A,15.4,15.4,제조업
쎌바이오텍,A,38.6,38.6,제조업
쏠리드,A,28,28,제조업
씨그널엔터테인먼트그룹,A,46.9,46.9,정보통신업
씨디네트웍스,A,34.1,34.1,정보통신업
씨브이네트,A,44.3,44.3,건설업
씨씨에스충북방송,A,46.1,46.1,정보통신업
씨아이에스,A,40.2,40.2,제조업
씨아이테크,A,19.6,19.6,제조업
씨알푸드,A,18.9,18.9,제조업
씨앗,A,35.2,35.2,제조업
씨앤에스링크,A,24.8,24.8,제조업
씨앤에스자산관리,A,13.9,13.9,"사업시설 관리, 사업 지원 및 임대 서비스업"
씨앤에이치,A,56.6,56.6,금융 및 보험업
씨앤지하이테크,A,11.1,11.1,제조업
유진테크,A,-17.7,-17.7,제조업
씨에스,A,44.7,44.7,제조업
씨에스에이코스믹,A,42.3,42.3,제조업
씨에스윈드,A,60,68.4,제조업
씨엔플러스,A,33.4,33.4,제조업
씨엘인터내셔널,A,16.8,16.8,제조업
씨엠에스에듀,A,21.8,21.8,교육 서비스업
씨유메디칼시스템,A,55.1,55.1,제조업
씨이랩,A,27.9,27.9,정보통신업
씨제이대한통운,A,36.8,36.8,운수 및 창고업
씨제이씨지브이,A,20.8,20.8,정보통신업
씨제이이앤엠,A,28.6,28.6,정보통신업
씨제이프레시웨이,A,41.4,41.4,도매 및 소매업
씨제이헬로,A,27.9,27.9,정보통신업
씨젠,A,15.6,15.6,제조업
씨큐브,A,37.5,37.5,제조업
씨트리,A,26.3,26.3,"전문, 과학 및 기술 서비스업"
씨티네트웍스,A,11.8,11.8,제조업
씨티씨바이오,A,24,24,도매 및 소매업
씨티엘,A,23,23,제조업
씨티케이코스메틱스,A,14,14,제조업
씽크풀,A,26.3,26.3,정보통신업
아가방앤컴퍼니,A,34.3,34.3,도매 및 소매업
아나패스,A,37.5,37.5,제조업
아남전자,A,52.9,52.9,제조업
아리바이오,A,22.9,22.9,제조업
아리온테크놀로지,A,23.5,23.5,제조업
아모레퍼시픽,A,32.5,32.5,제조업
아모레퍼시픽그룹,A,7.3,7.3,금융 및 보험업
아모텍,A,21.3,21.3,제조업
아미노로직스,A,38.9,38.9,도매 및 소매업
아미코젠,A,30.8,30.8,제조업
아바코,A,45.5,45.5,제조업
아바텍,A,32.3,32.3,제조업
아발론교육,A,18.9,18.9,교육 서비스업
아비스타,A,23.8,23.8,제조업
아비코전자,A,42.3,42.3,제조업
아세아,A,57.5,57.5,"전문, 과학 및 기술 서비스업"
아세아시멘트,A,44,44,제조업
아세아제지,A,55.6,55.6,제조업
아스타,A,7.5,7.5,제조업
아스트,A,15.8,15.8,제조업
아시아경제,A,33.5,33.5,정보통신업
아시아경제티브이,A,30.2,30.2,정보통신업
아시아나항공,A,51.2,51.2,운수 및 창고업
아우딘퓨쳐스,A,29.4,29.4,제조업
아이.지.앰.,A,9.9,9.9,"예술, 스포츠 및 여가관련 서비스업"
아이디스,A,41.7,41.7,제조업
아이리버,A,30.8,30.8,제조업
아이마켓코리아,A,30.5,30.5,도매 및 소매업
아이비케이캐피탈,A,44.4,44.4,금융 및 보험업
아이비케이투자증권,A,47.4,47.4,금융 및 보험업
아이센스,A,20,20,제조업
아이쓰리시스템,A,24.5,24.5,제조업
아이씨디,A,37.9,37.9,제조업
아이씨케이,A,18.9,18.9,제조업
아이앤씨테크놀로지,A,46.7,46.7,제조업
아이에스동서,A,21,21,제조업
아이에스시,A,38.5,38.5,제조업
아이에스이커머스,A,29.5,29.5,도매 및 소매업
아이에이,A,43.3,43.3,제조업
아이에이치큐,A,42.3,42.3,정보통신업
아이엔지생명보험,A,24.9,24.9,금융 및 보험업
아이엠,A,35.8,35.8,제조업
아이엠비씨,A,25.3,25.3,정보통신업
아이엠텍,A,38.6,38.6,제조업
아이오케이컴퍼니,A,48.6,48.6,정보통신업
아이원스,A,39.3,39.3,제조업
아이이,A,60,67.8,도매 및 소매업
아이즈비전,A,34.4,34.4,도매 및 소매업
아이진,A,53.7,53.7,"전문, 과학 및 기술 서비스업"
팡스카이,A,-17.2,-17.2,정보통신업
아이케이세미콘,A,50,50,제조업
아이콘트롤스,A,30.5,30.5,건설업
아이큐어,A,37.2,37.2,제조업
아이크래프트,A,33.7,33.7,정보통신업
아이텍반도체,A,29.9,29.9,"전문, 과학 및 기술 서비스업"
아이티센,A,37.2,37.2,정보통신업
아이티엑스엠투엠,A,37.5,37.5,제조업
아이패밀리에스씨,A,18.3,18.3,정보통신업
아주산업,A,25.3,25.3,제조업
아주아이비투자,A,54.5,54.5,금융 및 보험업
아주엠씨엠,A,33.3,33.3,제조업
아주캐피탈,A,39,39,금융 및 보험업
아즈텍더블유비이,A,10.9,10.9,제조업
아진산업,A,24.1,24.1,제조업
아진엑스텍,A,29.4,29.4,제조업
아진카인텍,A,19.7,19.7,제조업
아트라스비엑스,A,40,40,제조업
아티스,A,7.5,7.5,도매 및 소매업
아프리카티비,A,19.5,19.5,정보통신업
코리아로터리서비스,A,-17.1,-17.1,정보통신업
안국바이오진단,A,40.5,40.5,제조업
안국약품,A,49.5,49.5,제조업
안랩,A,20.6,20.6,정보통신업
안지오랩,A,8,8,"전문, 과학 및 기술 서비스업"
안트로젠,A,2.1,2.1,제조업
알로이스,A,47.3,47.3,제조업
알루코,A,38.8,38.8,제조업
알리코제약,A,41.5,41.5,제조업
알바이오,A,31.4,31.4,제조업
알보젠코리아,A,29.8,29.8,제조업
알비케이이엠디,A,35.5,35.5,제조업
알서포트,A,42.9,42.9,정보통신업
알씨아이파이낸셜서비스코리아,A,46.6,46.6,금융 및 보험업
알에스오토메이션,A,41.9,41.9,제조업
알에프세미,A,7.6,7.6,제조업
알에프에이치아이씨,A,43.8,43.8,제조업
알에프텍,A,26.8,26.8,제조업
알엔투테크놀로지,A,45.5,45.5,제조업
알테오젠,A,11.7,11.7,"전문, 과학 및 기술 서비스업"
알톤스포츠,A,22,22,제조업
알티캐스트,A,37.7,37.7,정보통신업
알파홀딩스,A,34.2,34.2,제조업
앙츠,A,31.5,31.5,"협회 및 단체, 수리 및 기타 개인 서비스업"
애경산업,A,32.6,32.6,제조업
애경유화,A,37.8,37.8,제조업
애니젠,A,37.8,37.8,제조업
애큐온저축은행,A,32.8,32.8,금융 및 보험업
애큐온캐피탈,A,60,61.2,금융 및 보험업
액션스퀘어,A,22.7,22.7,정보통신업
액토즈소프트,A,20.2,20.2,정보통신업
액트,A,46.2,46.2,제조업
앤디포스,A,35.6,35.6,제조업
앤알커뮤니케이션,A,22.5,22.5,도매 및 소매업
원풍물산,A,-16.4,-16.4,제조업
야스,A,9.8,9.8,제조업
엔터메이트,A,-16.4,-16.4,정보통신업
양산컨트리클럽,A,26.3,26.3,"예술, 스포츠 및 여가관련 서비스업"
어보브반도체,A,47.8,47.8,제조업
엄지하우스,A,34.3,34.3,건설업
에너솔라,A,55,55,제조업
에너지세븐,A,48.2,48.2,도매 및 소매업
에너토크,A,33.6,33.6,제조업
에넥스,A,9,9,제조업
에듀케이션파트너,A,38.7,38.7,교육 서비스업
에머슨퍼시픽,A,7.6,7.6,"예술, 스포츠 및 여가관련 서비스업"
에버다임,A,31.3,31.3,제조업
에브리봇,A,37,37,제조업
에스넷시스템,A,33.3,33.3,정보통신업
에스디생명공학,A,32.7,32.7,제조업
에스디시스템,A,27.8,27.8,제조업
에스디엔,A,14.2,14.2,도매 및 소매업
에스마크,A,37.8,37.8,제조업
에스맥,A,25.8,25.8,제조업
에스비아이인베스트먼트,A,19.8,19.8,금융 및 보험업
에코바이오홀딩스,A,-14.7,-14.7,건설업
에스씨디,A,31.3,31.3,제조업
에스씨아이평가정보,A,36.3,36.3,"사업시설 관리, 사업 지원 및 임대 서비스업"
에스아이리소스,A,4,4,광업
에스아이티글로벌,A,6,6,도매 및 소매업
에스알,A,44.1,44.1,운수 및 창고업
에스알바이오텍,A,29.2,29.2,제조업
에스앤더블류,A,25,25,제조업
팬젠,A,-14.5,-14.5,제조업
에스앤에스텍,A,21.4,21.4,제조업
에스에스오토랜드,A,45.9,45.9,"사업시설 관리, 사업 지원 및 임대 서비스업"
에스에이엠티,A,57.2,57.2,도매 및 소매업
에스에이티,A,27.6,27.6,제조업
에스에프씨,A,22.2,22.2,제조업
에스에프에이,A,51.1,51.1,제조업
에스에프에이반도체,A,23.5,23.5,제조업
에스엔유프리시젼,A,27.3,27.3,제조업
에스엔케이폴리텍,A,32.5,32.5,제조업
에스엔텍,A,59.8,59.8,제조업
에스엔피월드,A,36.7,36.7,제조업
우리기술투자,A,-14.3,-14.3,금융 및 보험업
에스엘에스바이오,A,0.4,0.4,"전문, 과학 및 기술 서비스업"
에스엠면세점,A,35.3,35.3,도매 및 소매업
에스엠컬처앤콘텐츠,A,17.6,17.6,정보통신업
에스엠코어,A,31.3,31.3,제조업
에스와이제이,A,0,0,제조업
에스와이패널,A,19.5,19.5,제조업
에스원,A,21,21,"사업시설 관리, 사업 지원 및 임대 서비스업"
에스제이엠,A,13.2,13.2,제조업
에스제이케이,A,47.3,47.3,제조업
에스지신성건설,A,60,62.9,건설업
에스지에이,A,30,30,정보통신업
에스지에이솔루션즈,A,30.8,30.8,정보통신업
에스지에이임베디드,A,51,51,정보통신업
에스지엔지,A,23.3,23.3,제조업
에스지이,A,42.3,42.3,제조업
에스지충방,A,3.3,3.3,제조업
에스케이머티리얼즈,A,19.6,19.6,제조업
에스케이브로드밴드,A,41.9,41.9,정보통신업
에스케이씨솔믹스,A,21.1,21.1,제조업
에스케이씨에스,A,27.3,27.3,제조업
에스케이씨코오롱피아이,A,47.7,47.7,제조업
에스케이어드밴스드,A,55.6,55.6,제조업
에스케이이엔에스,A,31.5,31.5,"전기, 가스, 증기 및 공기 조절 공급업"
에스케이커뮤니케이션즈,A,21.6,21.6,정보통신업
에스케이텔레시스,A,34.4,34.4,제조업
에스케이텔링크,A,37.8,37.8,정보통신업
에스케이하이닉스,A,33.2,33.2,제조업
에스코넥,A,42,42,제조업
에스코어,A,35.6,35.6,정보통신업
에스텍,A,17.6,17.6,제조업
에스텍시스템,A,30.8,30.8,"사업시설 관리, 사업 지원 및 임대 서비스업"
에스텍파마,A,17.1,17.1,제조업
에스트래픽,A,41.2,41.2,정보통신업
에스티아이,A,37.6,37.6,제조업
에스티오,A,31.2,31.2,제조업
에스티큐브,A,8.6,8.6,제조업
에스티팜,A,24.1,24.1,제조업
에스폴리텍,A,28.4,28.4,제조업
에스피반도체통신,A,34,34,제조업
에스피지,A,28.5,28.5,제조업
에스피컴텍,A,22.6,22.6,제조업
에쎈테크,A,23.2,23.2,제조업
에쓰씨엔지니어링,A,39.1,39.1,건설업
에어미디어,A,29.9,29.9,정보통신업
에이디칩스,A,26.3,26.3,도매 및 소매업
에이디테크놀로지,A,32.5,32.5,제조업
에이블씨엔씨,A,33,33,제조업
에이비온,A,44.8,44.8,"전문, 과학 및 기술 서비스업"
에이스침대,A,19.4,19.4,제조업
에이스테크놀로지,A,31.3,31.3,제조업
에이씨티,A,14.3,14.3,제조업
에이엔피,A,21.1,21.1,제조업
에이원알폼,A,31,31,"사업시설 관리, 사업 지원 및 임대 서비스업"
에이자기관리부동산투자회사,A,60,63.7,부동산업
에이제이렌터카,A,34,34,"사업시설 관리, 사업 지원 및 임대 서비스업"
에이치비테크놀러지,A,42.5,42.5,제조업
에이치시티,A,23.4,23.4,"전문, 과학 및 기술 서비스업"
에이치알에스,A,12.2,12.2,제조업
에이치알인베스트먼트,A,46.5,46.5,정보통신업
에이치엔에스하이텍,A,23.9,23.9,제조업
에이치엔티일렉트로닉스,A,27.4,27.4,제조업
에이치엘비,A,45.9,45.9,제조업
에이치엘비생명과학,A,32.3,32.3,"전문, 과학 및 기술 서비스업"
에이치엘비파워,A,25.8,25.8,도매 및 소매업
에이치엘사이언스,A,33.7,33.7,제조업
에이치케이,A,30.2,30.2,제조업
에이치케이자산관리대부,A,9.1,9.1,금융 및 보험업
에이테크솔루션,A,20,20,제조업
에이텍,A,44.2,44.2,제조업
에이텍티앤,A,43.9,43.9,제조업
에이티넘인베스트먼트,A,60,62.5,금융 및 보험업
에이티세미콘,A,24.1,24.1,제조업
에이티젠,A,21.2,21.2,제조업
에이티테크놀러지,A,34.1,34.1,제조업
에이프로젠,A,3.1,3.1,"전문, 과학 및 기술 서비스업"
에이프로젠케이아이씨,A,55.1,55.1,제조업
에이프로젠헬스케어앤게임즈,A,33.5,33.5,제조업
에이플러스라이프,A,41.5,41.5,"협회 및 단체, 수리 및 기타 개인 서비스업"
에이플러스리얼티,A,60,69.5,부동산업
에이플러스에셋어드바이저,A,52.6,52.6,금융 및 보험업
에이피시스템,A,41.8,41.8,제조업
에이피에스홀딩스,A,15.6,15.6,금융 및 보험업
에이피위성,A,45.3,45.3,제조업
에임하이글로벌,A,60,71.4,제조업
에치디프로,A,40.4,40.4,제조업
에코마이스터,A,29.6,29.6,제조업
에코마케팅,A,0.5,0.5,"전문, 과학 및 기술 서비스업"
아이컴포넌트,A,-12.6,-12.6,제조업
"현진(구,현진종합건설)",A,-12,-12,건설업
에코프로,A,25.7,25.7,제조업
에코플라스틱,A,8.6,8.6,제조업
에프알텍,A,46.3,46.3,제조업
에프앤가이드,A,30.8,30.8,금융 및 보험업
에프앤리퍼블릭,A,40.6,40.6,제조업
에프에스티,A,36.4,36.4,제조업
에프엔씨애드컬쳐,A,19.7,19.7,제조업
에프엔씨엔터테인먼트,A,42,42,정보통신업
에프엔에스테크,A,37.6,37.6,제조업
에프엠에스,A,54.4,54.4,제조업
에프티이앤이,A,49.3,49.3,제조업
엑사이엔씨,A,20.9,20.9,건설업
엑셈,A,29.9,29.9,정보통신업
엑시콘,A,40.5,40.5,제조업
엔브이에이치코리아,A,10.9,10.9,제조업
엔시트론,A,22,22,제조업
엔에스,A,34.6,34.6,제조업
엔에스쇼핑,A,31.5,31.5,도매 및 소매업
엔에스엔,A,5.4,5.4,도매 및 소매업
엔에스컴퍼니,A,42.5,42.5,건설업
엔에이치농협캐피탈,A,44.6,44.6,금융 및 보험업
엔에이치엔벅스,A,36.8,36.8,정보통신업
엔에이치엔엔터테인먼트,A,10.8,10.8,정보통신업
엔에이치엔한국사이버결제,A,39.2,39.2,정보통신업
엔에이치투자증권,A,35.6,35.6,금융 및 보험업
엔이능률,A,42.4,42.4,정보통신업
엔지스테크널러지,A,38.4,38.4,정보통신업
엔지켐생명과학,A,20.8,20.8,제조업
삼성공조,A,-11.4,-11.4,제조업
엔케이물산,A,15.3,15.3,도매 및 소매업
세기상사,A,-11.1,-11.1,정보통신업
엔터미디어,A,57.8,57.8,제조업
엔텔스,A,27.8,27.8,정보통신업
엔피씨,A,39.8,39.8,제조업
엔피케이,A,12.8,12.8,제조업
엘디티,A,44.9,44.9,제조업
엘비세미콘,A,12,12,제조업
엘아이에스,A,21.1,21.1,제조업
엘아이지넥스원,A,32.4,32.4,제조업
파주에너지서비스,A,-11.1,-11.1,"전기, 가스, 증기 및 공기 조절 공급업"
엘앤케이바이오메드,A,20.1,20.1,제조업
엘에스아이앤디,A,34.9,34.9,부동산업
엘에스엠트론,A,38.8,38.8,제조업
엘에스전선아시아,A,13.2,13.2,금융 및 보험업
엘엠에스,A,12.5,12.5,제조업
엘오티베큠,A,31.4,31.4,제조업
엘지디스플레이,A,29.7,29.7,제조업
엘지씨엔에스,A,18.5,18.5,정보통신업
엘지엔시스,A,36.1,36.1,도매 및 소매업
엘지이노텍,A,25.7,25.7,제조업
엘지하우시스,A,33.5,33.5,제조업
엘컴텍,A,30.3,30.3,제조업
엘티씨,A,40.1,40.1,제조업
엘피케이,A,41,41,제조업
엠게임,A,18.5,18.5,정보통신업
엠로,A,37.5,37.5,정보통신업
엠벤처투자,A,11.4,11.4,금융 및 보험업
엠소닉,A,33.3,33.3,제조업
엠씨넥스,A,28.4,28.4,제조업
엠앤씨생명과학,A,15.3,15.3,제조업
엠에스씨,A,-10.5,-10.5,제조업
엠에스오토텍,A,1.7,1.7,제조업
엠에프엠코리아,A,24.1,24.1,제조업
엠젠플러스,A,50.7,50.7,도매 및 소매업
엠케이전자,A,28.5,28.5,제조업
엠텍비젼,A,26.1,26.1,제조업
엠플러스,A,37.2,37.2,제조업
엠피그룹,A,53.8,53.8,도매 및 소매업
엠피한강,A,24,24,도매 및 소매업
여천NCC,A,53.8,53.8,제조업
연우,A,15.6,15.6,제조업
연이정보통신,A,13.9,13.9,제조업
연합자산관리,A,56.2,56.2,금융 및 보험업
영보화학,A,35.6,35.6,제조업
영신금속공업,A,7,7,제조업
영우디에스피,A,33.3,33.3,제조업
영원무역,A,3.7,3.7,도매 및 소매업
영원무역홀딩스,A,25,25,금융 및 보험업
영인프런티어,A,28.5,28.5,도매 및 소매업
영진약품,A,19,19,제조업
영창뮤직,A,39.7,39.7,제조업
영풍,A,33.3,33.3,제조업
영풍정밀,A,17.8,17.8,제조업
영풍제지,A,43.2,43.2,제조업
영현무역,A,26.2,26.2,도매 및 소매업
영화금속,A,20.1,20.1,제조업
영화테크,A,20.6,20.6,제조업
영흥철강,A,22.7,22.7,제조업
예림당,A,53.1,53.1,정보통신업
예스이십사,A,34.8,34.8,도매 및 소매업
예스코,A,36.6,36.6,"전기, 가스, 증기 및 공기 조절 공급업"
예스티,A,44.4,44.4,제조업
옐로디지털마케팅,A,60,61.5,"전문, 과학 및 기술 서비스업"
바이오솔루션,A,-10.3,-10.3,제조업
오디텍,A,45.5,45.5,제조업
오뚜기,A,38,38,제조업
약침학회,A,-9.4,-9.4,제조업
오르비텍,A,25.5,25.5,"전문, 과학 및 기술 서비스업"
오리엔탈정공,A,39.6,39.6,제조업
오리엔트전자,A,36.4,36.4,제조업
오리엔트정공,A,27.8,27.8,제조업
오리온,A,33,33,제조업
오리온홀딩스,A,17.4,17.4,제조업
오리콤,A,30.6,30.6,"전문, 과학 및 기술 서비스업"
오백볼트,A,60,74.4,"전문, 과학 및 기술 서비스업"
오상자이엘,A,41.4,41.4,정보통신업
오상헬스케어,A,38.3,38.3,제조업
오성첨단소재,A,21.5,21.5,제조업
대구도시공사,A,-8.9,-8.9,건설업
오스코텍,A,51.1,51.1,제조업
오스테오닉,A,42.2,42.2,제조업
오스템,A,43.1,43.1,제조업
오스템임플란트,A,31.3,31.3,제조업
오이솔루션,A,44,44,제조업
오일허브코리아여수,A,20,20,운수 및 창고업
오킨스전자,A,23.2,23.2,제조업
오텍,A,36.4,36.4,금융 및 보험업
오파스넷,A,53.1,53.1,정보통신업
오픈베이스,A,35.4,35.4,정보통신업
올리패스,A,20.6,20.6,"전문, 과학 및 기술 서비스업"
올릭스,A,22.9,22.9,"전문, 과학 및 기술 서비스업"
옴니시스템,A,41.1,41.1,제조업
옴니텔,A,27.5,27.5,정보통신업
옵토팩,A,34.6,34.6,제조업
옵트론텍,A,29.3,29.3,제조업
옵티맥,A,30.8,30.8,제조업
옵티시스,A,41.3,41.3,제조업
와이더블유,A,34.4,34.4,도매 및 소매업
와이디생명과학,A,51.4,51.4,"전문, 과학 및 기술 서비스업"
와이디온라인,A,23.1,23.1,정보통신업
와이비로드,A,27.8,27.8,도매 및 소매업
와이비엠넷,A,25.2,25.2,교육 서비스업
와이솔,A,50,50,제조업
와이아이케이,A,19.1,19.1,제조업
와이엔텍,A,60,63.6,"수도, 하수 및 폐기물 처리, 원료 재생업"
와이엠씨,A,27,27,제조업
와이엠티,A,11.6,11.6,제조업
와이오엠,A,21.3,21.3,도매 및 소매업
와이제이엠게임즈,A,52,52,제조업
와이지엔터테인먼트,A,23.1,23.1,정보통신업
와이지-원,A,16.3,16.3,제조업
와이지플러스,A,32.4,32.4,"전문, 과학 및 기술 서비스업"
와이티엔,A,38,38,정보통신업
와토스코리아,A,17.1,17.1,제조업
완도전복,A,47,47,도매 및 소매업
용평리조트,A,19.5,19.5,숙박 및 음식점업
우노앤컴퍼니,A,8.9,8.9,제조업
우리기술,A,12.9,12.9,제조업
필링크,A,-8.9,-8.9,정보통신업
우리넷,A,51.8,51.8,제조업
우리들제약,A,40.9,40.9,제조업
우리들휴브레인,A,58.4,58.4,도매 및 소매업
우리로,A,28.1,28.1,제조업
우리산업,A,13.9,13.9,제조업
우리산업홀딩스,A,3.7,3.7,금융 및 보험업
우리손에프앤지농업회사법인,A,1.9,1.9,"농업, 임업 및 어업"
우리은행,A,35.5,35.5,금융 및 보험업
우리이앤엘,A,5.5,5.5,제조업
우리이티아이,A,3.6,3.6,제조업
우리조명,A,41.9,41.9,제조업
우리종합금융,A,29.9,29.9,금융 및 보험업
우리카드,A,24.7,24.7,금융 및 보험업
우림기계,A,47.3,47.3,제조업
우방,A,42.6,42.6,건설업
우성사료,A,51.2,51.2,제조업
우성아이비,A,34.1,34.1,제조업
우수AMS,A,29,29,제조업
우신시스템,A,43.2,43.2,제조업
우양에이치씨,A,45.3,45.3,제조업
우원개발,A,25.6,25.6,건설업
우전,A,2.5,2.5,제조업
우정바이오,A,27.4,27.4,"전문, 과학 및 기술 서비스업"
우주일렉트로닉스,A,27.9,27.9,제조업
우진,A,34.5,34.5,제조업
우진비앤지,A,35.6,35.6,제조업
앱클론,A,-8.5,-8.5,제조업
우진플라임,A,32.6,32.6,제조업
오공,A,-8.3,-8.3,제조업
웅진,A,49.1,49.1,금융 및 보험업
웅진식품,A,31.3,31.3,제조업
웅진씽크빅,A,21.6,21.6,교육 서비스업
웅진에너지,A,8.5,8.5,제조업
원림,A,37.9,37.9,제조업
원익,A,21.1,21.1,도매 및 소매업
원익머트리얼즈,A,37.4,37.4,제조업
원익아이피에스,A,33.3,33.3,제조업
원익큐브,A,24.5,24.5,도매 및 소매업
원익홀딩스,A,45.8,45.8,금융 및 보험업
원일특강,A,38.3,38.3,제조업
원텍,A,30.3,30.3,제조업
원풍,A,25.2,25.2,제조업
코프라,A,-7.2,-7.2,제조업
월덱스,A,23.1,23.1,제조업
월드그린텍,A,60,63.4,제조업
웨이브일렉트로닉스,A,36.3,36.3,제조업
웰크론,A,16.8,16.8,제조업
웰크론강원,A,29.6,29.6,제조업
웰크론한텍,A,30.9,30.9,제조업
웹스,A,19.8,19.8,제조업
웹젠,A,21,21,정보통신업
웹케시,A,32.1,32.1,정보통신업
위노바,A,33.2,33.2,제조업
위닉스,A,36.1,36.1,제조업
위례에너지서비스,A,45.3,45.3,"전기, 가스, 증기 및 공기 조절 공급업"
위메이드엔터테인먼트,A,32.7,32.7,정보통신업
위세아이텍,A,24.3,24.3,정보통신업
위월드,A,6.4,6.4,제조업
위즈코프,A,30.3,30.3,도매 및 소매업
위지트,A,37.1,37.1,제조업
윈스,A,17.5,17.5,정보통신업
윈팩,A,22.3,22.3,제조업
윈하이텍,A,19.4,19.4,제조업
윌비스,A,22.2,22.2,도매 및 소매업
유니드,A,55.2,55.2,제조업
유니셈,A,21.5,21.5,제조업
유니슨,A,18.6,18.6,제조업
유니온,A,25.5,25.5,제조업
유니온머티리얼,A,23.5,23.5,제조업
유니온커뮤니티,A,24.6,24.6,제조업
유니퀘스트,A,33.9,33.9,도매 및 소매업
유니크,A,14.4,14.4,제조업
유니테스트,A,19.3,19.3,제조업
유니테크노,A,3.2,3.2,제조업
유니트론텍,A,18.3,18.3,도매 및 소매업
유니포인트,A,50.4,50.4,정보통신업
유디피,A,45.4,45.4,정보통신업
유라테크,A,26.3,26.3,제조업
유바이오로직스,A,3.8,3.8,"전문, 과학 및 기술 서비스업"
유비벨록스,A,24.5,24.5,정보통신업
유비케어,A,38.2,38.2,정보통신업
유비쿼스,A,54.7,54.7,제조업
유비쿼스홀딩스,A,36.9,36.9,금융 및 보험업
유성기업,A,28.6,28.6,제조업
유성티엔에스,A,20.8,20.8,운수 및 창고업
유수홀딩스,A,19.3,19.3,"전문, 과학 및 기술 서비스업"
유신,A,46.6,46.6,"전문, 과학 및 기술 서비스업"
유쎌,A,50,50,제조업
유씨아이,A,37.7,37.7,제조업
유아이디,A,37.4,37.4,제조업
유아이엘,A,20.6,20.6,제조업
유안타증권,A,43.9,43.9,금융 및 보험업
유앤아이,A,20,20,제조업
유양디앤유,A,22.2,22.2,제조업
유엔젤,A,15,15,정보통신업
유유제약,A,25.7,25.7,제조업
유지인트,A,47.4,47.4,제조업
유진기업,A,47.5,47.5,제조업
유진로봇,A,33.7,33.7,제조업
유테크,A,-7.1,-7.1,제조업
유진테크놀로지,A,21.3,21.3,제조업
유진투자증권,A,47.8,47.8,금융 및 보험업
코리아에스이,A,-6.9,-6.9,제조업
유투바이오,A,38.8,38.8,"전문, 과학 및 기술 서비스업"
유티아이,A,19.9,19.9,제조업
유한양행,A,39.8,39.8,제조업
유화증권,A,45.8,45.8,금융 및 보험업
육일씨엔에쓰,A,33.6,33.6,제조업
율촌화학,A,31,31,제조업
이건산업,A,15.7,15.7,제조업
이건홀딩스,A,33.3,33.3,금융 및 보험업
이구산업,A,42.9,42.9,제조업
이그잭스,A,38.2,38.2,제조업
이글루시큐리티,A,25.5,25.5,정보통신업
이-글벳,A,57.2,57.2,도매 및 소매업
이노션,A,25.3,25.3,"전문, 과학 및 기술 서비스업"
이노와이어리스,A,22.6,22.6,제조업
이노인스트루먼트,A,28.6,28.6,제조업
이녹스,A,50,50,금융 및 보험업
이녹스첨단소재,A,23.1,23.1,제조업
이니텍,A,20.8,20.8,정보통신업
이더블유케이,A,48.5,48.5,제조업
이디,A,36.8,36.8,제조업
이라이콤,A,21.3,21.3,제조업
이랜텍,A,32.9,32.9,제조업
이루온,A,14.3,14.3,정보통신업
이마트,A,50,50,도매 및 소매업
이마트에브리데이,A,53.7,53.7,도매 및 소매업
구영테크,A,-6.1,-6.1,제조업
이베스트투자증권,A,45.2,45.2,금융 및 보험업
이비테크,A,1.8,1.8,제조업
이상네트웍스,A,16.1,16.1,도매 및 소매업
이수앱지스,A,4.3,4.3,제조업
이수페타시스,A,22.9,22.9,제조업
이수화학,A,41.6,41.6,제조업
이스타코,A,34.6,34.6,부동산업
이스트소프트,A,23.6,23.6,정보통신업
바이오시네틱스,A,-5.4,-5.4,"전문, 과학 및 기술 서비스업"
이앤코리아,A,21.1,21.1,제조업
이에스브이,A,25.4,25.4,정보통신업
이에스산업,A,40.5,40.5,제조업
이에스에이,A,1.2,1.2,"예술, 스포츠 및 여가관련 서비스업"
이엑스티,A,9.7,9.7,"전문, 과학 및 기술 서비스업"
이엔드디,A,18.9,18.9,제조업
이엔에프테크놀로지,A,23,23,제조업
이엘케이,A,15.4,15.4,제조업
이엘피,A,46.4,46.4,제조업
이엠넷,A,22.4,22.4,"전문, 과학 및 기술 서비스업"
이엠코리아,A,33,33,제조업
이엠텍,A,31.5,31.5,제조업
이엠티,A,40.9,40.9,제조업
이연제약,A,40.7,40.7,제조업
이오테크닉스,A,28.1,28.1,제조업
이원컴포텍,A,13.9,13.9,제조업
이월드,A,28.6,28.6,"예술, 스포츠 및 여가관련 서비스업"
이젠텍,A,8.8,8.8,제조업
이즈미디어,A,22.8,22.8,제조업
이지,A,34.9,34.9,도매 및 소매업
이지메디컴,A,23.2,23.2,도매 및 소매업
이지바이오,A,43.4,43.4,제조업
이지시스템,A,44.6,44.6,정보통신업
이지웰페어,A,38.8,38.8,정보통신업
이케이중공업,A,30.6,30.6,제조업
이크레더블,A,39.1,39.1,정보통신업
이테크건설,A,27.2,27.2,건설업
이트론,A,51.7,51.7,제조업
이퓨쳐,A,18.1,18.1,정보통신업
이화공영,A,27.6,27.6,건설업
이화산업,A,16.8,16.8,도매 및 소매업
이화전기공업,A,47.9,47.9,제조업
인디에프,A,7,7,제조업
인바디,A,10.4,10.4,제조업
인베니아,A,49,49,제조업
인산가,A,25.4,25.4,제조업
인선이엔티,A,19.3,19.3,"수도, 하수 및 폐기물 처리, 원료 재생업"
인성정보,A,26.6,26.6,정보통신업
인스코비,A,17.5,17.5,정보통신업
인지디스플레이,A,13.1,13.1,제조업
인지컨트롤스,A,20.1,20.1,제조업
인천도시가스,A,24,24,"전기, 가스, 증기 및 공기 조절 공급업"
인천도시공사,A,39.2,39.2,부동산업
인천유나이티드,A,27.5,27.5,"예술, 스포츠 및 여가관련 서비스업"
인카금융서비스,A,46.9,46.9,금융 및 보험업
인켈,A,47.9,47.9,제조업
인콘,A,46.1,46.1,제조업
인크로스,A,26.3,26.3,"전문, 과학 및 기술 서비스업"
인탑스,A,5.4,5.4,제조업
인터로조,A,16.7,16.7,제조업
인터불스,A,5.8,5.8,제조업
인터지스,A,40,40,운수 및 창고업
인터코스,A,57,57,제조업
인터파크,A,36.8,36.8,도매 및 소매업
인터파크홀딩스,A,24.9,24.9,금융 및 보험업
인터플렉스,A,17.1,17.1,제조업
인텍플러스,A,54.5,54.5,제조업
인텔리안테크놀로지스,A,41.4,41.4,제조업
인트로메딕,A,39.7,39.7,제조업
인트론바이오테크놀로지,A,31.3,31.3,제조업
인팩,A,16.5,16.5,제조업
인포마크,A,36.1,36.1,제조업
인포바인,A,40,40,정보통신업
인포뱅크,A,32.6,32.6,정보통신업
인프라웨어,A,27.5,27.5,정보통신업
인프라웨어테크놀러지,A,30.4,30.4,정보통신업
인피니트헬스케어,A,25.6,25.6,정보통신업
인화정공,A,16.3,16.3,제조업
일동제약,A,23.8,23.8,제조업
일동홀딩스,A,42.2,42.2,금융 및 보험업
일레덱스홀딩스,A,7.2,7.2,도매 및 소매업
일성건설,A,52.5,52.5,건설업
일성신약,A,47.8,47.8,제조업
일신레져,A,15.3,15.3,"예술, 스포츠 및 여가관련 서비스업"
일신바이오베이스,A,0,0,제조업
일신방직,A,30.3,30.3,제조업
일신석재,A,19.5,19.5,도매 및 소매업
일야,A,51.4,51.4,제조업
일양약품,A,26.1,26.1,제조업
일정실업,A,37.8,37.8,제조업
일지테크,A,18.7,18.7,제조업
일진다이아몬드,A,29.4,29.4,제조업
일진디스플레이,A,15.3,15.3,제조업
일진머티리얼즈,A,34,34,제조업
일진전기,A,41.5,41.5,제조업
일진파워,A,2.9,2.9,건설업
일진홀딩스,A,60,60.9,"전문, 과학 및 기술 서비스업"
잇츠한불,A,7.2,7.2,도매 및 소매업
잉크테크,A,29.2,29.2,제조업
자비스,A,50,50,제조업
자연과환경,A,31.8,31.8,"수도, 하수 및 폐기물 처리, 원료 재생업"
자유투어,A,17.1,17.1,"사업시설 관리, 사업 지원 및 임대 서비스업"
자이글,A,6.9,6.9,제조업
자일대우자동차판매,A,34.1,34.1,도매 및 소매업
자화전자,A,33.5,33.5,제조업
잘만테크,A,34.5,34.5,제조업
장원테크,A,35.1,35.1,제조업
재영솔루텍,A,38.8,38.8,제조업
전방,A,28.4,28.4,제조업
전북은행,A,27.3,27.3,금융 및 보험업
전우정밀,A,14,14,제조업
전진바이오팜,A,40.5,40.5,제조업
정다운,A,18.8,18.8,제조업
정산애강,A,26.1,26.1,제조업
정상제이엘에스,A,9.1,9.1,교육 서비스업
정우신약,A,28.3,28.3,제조업
정원엔시스,A,40.1,40.1,정보통신업
제낙스,A,5.5,5.5,제조업
제너셈,A,29.2,29.2,제조업
제넥신,A,17.4,17.4,"전문, 과학 및 기술 서비스업"
제노텍,A,0,0,제조업
제노포커스,A,22,22,제조업
제놀루션,A,12.4,12.4,제조업
제닉,A,36.1,36.1,제조업
제로투세븐,A,17.5,17.5,도매 및 소매업
제룡산업,A,22.3,22.3,제조업
제룡전기,A,27.5,27.5,제조업
제우스,A,21,21,제조업
제이더블유생명과학,A,5.9,5.9,제조업
제이더블유신약,A,21.6,21.6,제조업
제이브이엠,A,27.7,27.7,제조업
제이비우리캐피탈,A,47.7,47.7,금융 및 보험업
제이스테판,A,49.3,49.3,제조업
제이스텍,A,38.1,38.1,제조업
제이씨케미칼,A,23.3,23.3,제조업
제이씨현시스템,A,40.4,40.4,도매 및 소매업
제이에스코퍼레이션,A,27.6,27.6,제조업
제이에스피브이,A,39.9,39.9,제조업
제이엔케이히터,A,32.1,32.1,제조업
제이엠아이,A,35.6,35.6,제조업
제이엠티,A,7.8,7.8,제조업
제이와이피엔터테인먼트,A,7.5,7.5,정보통신업
제이웨이,A,39.9,39.9,정보통신업
제이준코스메틱,A,60,67.9,제조업
제이콘텐트리,A,14.4,14.4,금융 및 보험업
제이티,A,30.7,30.7,제조업
제이티비씨콘텐트허브,A,36.7,36.7,정보통신업
제이티캐피탈,A,25.9,25.9,금융 및 보험업
제일기획,A,24,24,"전문, 과학 및 기술 서비스업"
제일바이오,A,22.5,22.5,제조업
제일약품,A,29.2,29.2,제조업
제일연마공업,A,55.6,55.6,제조업
제일제강공업,A,54.6,54.6,제조업
제일테크노스,A,19.9,19.9,제조업
제일파마홀딩스,A,59.2,59.2,"전문, 과학 및 기술 서비스업"
제일홀딩스,A,15.4,15.4,금융 및 보험업
제주국제컨벤션센터,A,37.4,37.4,"사업시설 관리, 사업 지원 및 임대 서비스업"
제주반도체,A,45.2,45.2,제조업
제주은행,A,38.4,38.4,금융 및 보험업
제주항공,A,46.8,46.8,운수 및 창고업
젠큐릭스,A,30.7,30.7,제조업
젬백스&카엘,A,22,22,제조업
젬백스테크놀러지,A,32.7,32.7,제조업
조광아이엘아이,A,11.6,11.6,제조업
조광페인트,A,0,0,제조업
조비,A,42.9,42.9,제조업
조선내화,A,57.4,57.4,제조업
조선선재,A,12.1,12.1,제조업
조아제약,A,31.2,31.2,제조업
조은세이프,A,0,0,"사업시설 관리, 사업 지원 및 임대 서비스업"
조은시스템,A,0,0,"사업시설 관리, 사업 지원 및 임대 서비스업"
조은저축은행,A,31.1,31.1,금융 및 보험업
조이맥스,A,35.4,35.4,정보통신업
조이시티,A,13.7,13.7,정보통신업
조일알미늄,A,25.9,25.9,제조업
조흥,A,21,21,제조업
종근당,A,15,15,제조업
종근당바이오,A,43.1,43.1,제조업
종근당홀딩스,A,27.5,27.5,금융 및 보험업
좋은사람들,A,5.1,5.1,제조업
주노콜렉션,A,36.1,36.1,제조업
주성엔지니어링,A,47.8,47.8,제조업
주연테크,A,32.2,32.2,제조업
줌인터넷,A,24.6,24.6,정보통신업
중소기업은행,A,40.2,40.2,금융 및 보험업
중앙백신연구소,A,17.8,17.8,제조업
중앙에너비스,A,50.8,50.8,도매 및 소매업
중앙일보,A,27.1,27.1,정보통신업
지노믹트리,A,9.8,9.8,"전문, 과학 및 기술 서비스업"
지누스,A,18.6,18.6,도매 및 소매업
지니뮤직,A,43.5,43.5,정보통신업
지니언스,A,12.9,12.9,정보통신업
지디,A,16.5,16.5,제조업
지디케이화장품,A,27.5,27.5,제조업
지란지교시큐리티,A,21.8,21.8,정보통신업
지성이씨에스,A,27.2,27.2,건설업
울진유통농업회사법인,A,-5.1,-5.1,도매 및 소매업
지스마트글로벌,A,23.8,23.8,제조업
지아이티,A,21.3,21.3,제조업
지앤엘,A,20,20,"예술, 스포츠 및 여가관련 서비스업"
지어소프트,A,30.5,30.5,정보통신업
지에스건설,A,41.4,41.4,건설업
지에스글로벌,A,53.7,53.7,도매 및 소매업
지에스리테일,A,38.3,38.3,도매 및 소매업
지에스엔텍,A,39.3,39.3,제조업
지에스엘제약,A,39.3,39.3,제조업
지에스이,A,36.1,36.1,"전기, 가스, 증기 및 공기 조절 공급업"
지에스이앤알,A,41.5,41.5,"전기, 가스, 증기 및 공기 조절 공급업"
지에스이피에스,A,32.4,32.4,"전기, 가스, 증기 및 공기 조절 공급업"
지에스홈쇼핑,A,30.6,30.6,정보통신업
지에이치신소재,A,15,15,제조업
지엔씨에너지,A,16.1,16.1,제조업
지엔코,A,24.7,24.7,제조업
지엔티파마,A,36.3,36.3,"전문, 과학 및 기술 서비스업"
지엘팜텍,A,15.3,15.3,"전문, 과학 및 기술 서비스업"
지엠비코리아,A,14.7,14.7,제조업
지엠알머티리얼즈,A,52.9,52.9,"수도, 하수 및 폐기물 처리, 원료 재생업"
지엠피,A,28.9,28.9,제조업
지오씨,A,33.6,33.6,제조업
지오엠씨,A,40.4,40.4,제조업
지와이커머스,A,25.6,25.6,제조업
지코,A,44,44,제조업
지투알,A,39.7,39.7,"전문, 과학 및 기술 서비스업"
지트리비앤티,A,36.8,36.8,제조업
지티지웰니스,A,29.1,29.1,제조업
지허브,A,60,73.1,운수 및 창고업
진도,A,57.2,57.2,도매 및 소매업
에코솔루션,A,-4.9,-4.9,제조업
진매트릭스,A,30,30,"전문, 과학 및 기술 서비스업"
진바이오텍,A,28.7,28.7,제조업
진성티이씨,A,32.5,32.5,제조업
진양산업,A,7.1,7.1,제조업
진양제약,A,30.2,30.2,제조업
에스앤디,A,-4.9,-4.9,제조업
진양화학,A,12.5,12.5,제조업
진에어,A,48.5,48.5,운수 및 창고업
진원생명과학,A,9.1,9.1,제조업
진코스텍,A,60,63.1,제조업
진흥기업,A,31.7,31.7,건설업
차바이오텍,A,29.3,29.3,제조업
참엔지니어링,A,33.5,33.5,제조업
참좋은여행,A,20,20,"사업시설 관리, 사업 지원 및 임대 서비스업"
창원컨트리클럽,A,21.9,21.9,"예술, 스포츠 및 여가관련 서비스업"
창해에탄올,A,25.4,25.4,제조업
천일고속,A,56.7,56.7,운수 및 창고업
천지산업,A,20.5,20.5,도매 및 소매업
청광종합건설,A,44.4,44.4,건설업
청담러닝,A,26.7,26.7,교육 서비스업
청보산업,A,26.1,26.1,제조업
청호컴넷,A,14.5,14.5,제조업
체리부로,A,7.7,7.7,제조업
초록뱀미디어,A,55.7,55.7,정보통신업
칩스앤미디어,A,40.2,40.2,정보통신업
카스,A,33.3,33.3,도매 및 소매업
카이노스메드,A,28.4,28.4,"전문, 과학 및 기술 서비스업"
카카오,A,34.5,34.5,정보통신업
카카오엠,A,39,39,제조업
카테아,A,28.5,28.5,도매 및 소매업
카페24,A,27,27,정보통신업
카페베네,A,33.8,33.8,제조업
카프로,A,28.6,28.6,제조업
캐스텍코리아,A,31.2,31.2,제조업
캔서롭,A,40.2,40.2,"전문, 과학 및 기술 서비스업"
캠시스,A,27.3,27.3,제조업
컨버즈,A,54.2,54.2,제조업
컴투스,A,32.7,32.7,정보통신업
케미메디,A,27.8,27.8,"전문, 과학 및 기술 서비스업"
케어랩스,A,43,43,정보통신업
케어젠,A,1.5,1.5,제조업
케이디비생명보험,A,41.8,41.8,금융 및 보험업
케이디켐,A,39.8,39.8,제조업
케이맥,A,16.7,16.7,제조업
케이비국민카드,A,41.7,41.7,금융 및 보험업
케이비증권,A,27.8,27.8,금융 및 보험업
케이비캐피탈,A,60,66.9,금융 및 보험업
케이사인,A,21.6,21.6,정보통신업
케이씨,A,24,24,제조업
케이씨그린홀딩스,A,13.7,13.7,금융 및 보험업
케이씨산업,A,24.8,24.8,제조업
케이씨씨,A,35.2,35.2,제조업
케이씨씨건설,A,50.9,50.9,건설업
케이씨아이,A,17.5,17.5,제조업
케이씨에스,A,31.4,31.4,정보통신업
케이씨코트렐,A,48.7,48.7,제조업
케이씨티,A,15,15,정보통신업
케이씨티시,A,22,22,운수 및 창고업
케이씨피드,A,50,50,제조업
케이아이엔엑스,A,11.8,11.8,정보통신업
케이아이티,A,18.3,18.3,정보통신업
대구시민프로축구단,A,-4.3,-4.3,"예술, 스포츠 및 여가관련 서비스업"
케이알파트너스,A,27.7,27.7,금융 및 보험업
케이에스에스해운,A,31.6,31.6,운수 및 창고업
케이에스피,A,18.6,18.6,제조업
케이에이치바텍,A,33.3,33.3,제조업
케이엔더블유,A,16.6,16.6,제조업
케이엔엔,A,16.3,16.3,정보통신업
케이엘넷,A,34.7,34.7,정보통신업
케이엠,A,19.2,19.2,제조업
케이엠더블유,A,34,34,제조업
케이엠에이치,A,27.1,27.1,정보통신업
케이엠에이치신라레저,A,37.8,37.8,"예술, 스포츠 및 여가관련 서비스업"
케이엠에이치하이텍,A,28.8,28.8,제조업
케이이씨,A,36.7,36.7,제조업
케이제이프리텍,A,42.1,42.1,제조업
케이지모빌리언스,A,58.2,58.2,정보통신업
케이지이니시스,A,46.3,46.3,정보통신업
케이지이티에스,A,44.8,44.8,"수도, 하수 및 폐기물 처리, 원료 재생업"
케이티,A,13.4,13.4,정보통신업
케이티비투자증권,A,60,65.2,금융 및 보험업
케이티서브마린,A,45.4,45.4,건설업
케이티스,A,15.5,15.5,정보통신업
케이티스카이라이프,A,24.3,24.3,정보통신업
케이티씨에스,A,22.2,22.2,정보통신업
케이티앤지,A,25.6,25.6,제조업
케이티텔레캅,A,38.9,38.9,"사업시설 관리, 사업 지원 및 임대 서비스업"
케이티파워텔,A,26,26,정보통신업
케이티하이텔,A,40.6,40.6,정보통신업
케이프,A,34.2,34.2,제조업
케이피에스,A,48.9,48.9,제조업
케이피에프,A,30.4,30.4,제조업
케이피엑스라이프사이언스,A,35.2,35.2,제조업
케이피엠테크,A,51.3,51.3,제조업
케이피지엠,A,50.2,50.2,"예술, 스포츠 및 여가관련 서비스업"
케이피티유,A,59.7,59.7,제조업
켐온,A,28.2,28.2,"전문, 과학 및 기술 서비스업"
켐트로닉스,A,28.2,28.2,제조업
켐트로스,A,36.9,36.9,제조업
켐포트,A,22.2,22.2,제조업
코나아이,A,13.2,13.2,정보통신업
코닉글로리,A,24,24,정보통신업
코다코,A,10.3,10.3,제조업
코데즈컴바인,A,60,64.5,제조업
코디,A,52.4,52.4,제조업
코디엠,A,19.3,19.3,제조업
코레이트자산운용,A,40.9,40.9,금융 및 보험업
코렌텍,A,21.5,21.5,제조업
코리아2000,A,35.9,35.9,건설업
코리아나화장품,A,33.5,33.5,제조업
디와이,A,-4.2,-4.2,금융 및 보험업
코리아써키트,A,20.5,20.5,제조업
코리아에셋매니지먼트,A,5.8,5.8,부동산업
서연이화,A,-4.2,-4.2,제조업
코리아에프티,A,22.9,22.9,제조업
코리아오토글라스,A,33.1,33.1,제조업
코리아코스팩,A,37.2,37.2,제조업
코리안리재보험,A,31.2,31.2,금융 및 보험업
코맥스,A,20.5,20.5,제조업
코메론,A,20.1,20.1,제조업
코미코,A,8,8,제조업
코센,A,52,52,제조업
코셋,A,45.4,45.4,제조업
코스맥스,A,22,22,제조업
코스맥스비티아이,A,49.1,49.1,금융 및 보험업
코스메랩,A,24.4,24.4,제조업
코스메카코리아,A,22.3,22.3,제조업
코스모신소재,A,28.3,28.3,제조업
코스모화학,A,60,62.7,제조업
코스온,A,29.2,29.2,제조업
코아스,A,28.4,28.4,제조업
코아스템,A,34.4,34.4,제조업
코아시아홀딩스,A,37.9,37.9,"전문, 과학 및 기술 서비스업"
코엔텍,A,47.4,47.4,"수도, 하수 및 폐기물 처리, 원료 재생업"
코오롱,A,32.5,32.5,금융 및 보험업
코오롱글로벌,A,52.9,52.9,건설업
코오롱글로텍,A,24.1,24.1,도매 및 소매업
코오롱생명과학,A,22.3,22.3,제조업
코오롱인더스트리,A,26.2,26.2,제조업
코오롱티슈진,A,47,47,제조업
코오롱패션머티리얼,A,37.6,37.6,제조업
코오롱플라스틱,A,32.8,32.8,제조업
코웨이,A,26,26,"협회 및 단체, 수리 및 기타 개인 서비스업"
코웰패션,A,23.2,23.2,제조업
코위버,A,48.2,48.2,제조업
코이즈,A,5.3,5.3,제조업
코캄,A,26.8,26.8,제조업
코콤,A,48.9,48.9,제조업
코텍,A,41.4,41.4,제조업
하이즈항공,A,-3.7,-3.7,제조업
콜마비앤에이치,A,30,30,제조업
콜마파마,A,25.5,25.5,제조업
콤텍시스템,A,30.1,30.1,정보통신업
쿠첸,A,32,32,제조업
쿠쿠홀딩스,A,56.4,56.4,제조업
퀀텀에너지,A,27.8,27.8,제조업
큐렉소,A,15.2,15.2,도매 및 소매업
큐로컴,A,58,58,정보통신업
큐로홀딩스,A,19,19,도매 및 소매업
큐리언트,A,1,1,"전문, 과학 및 기술 서비스업"
큐브엔터테인먼트,A,10.7,10.7,정보통신업
큐에스아이,A,42.2,42.2,제조업
큐엠씨,A,45.7,45.7,제조업
큐캐피탈파트너스,A,53.6,53.6,금융 및 보험업
크라운제과,A,8.9,8.9,제조업
크라운해태홀딩스,A,20.5,20.5,금융 및 보험업
크레아플래닛,A,34.6,34.6,제조업
엘앤에프,A,-3.5,-3.5,제조업
크로바하이텍,A,34.1,34.1,제조업
크루셜텍,A,30.8,30.8,제조업
크리스탈지노믹스,A,27.2,27.2,"전문, 과학 및 기술 서비스업"
크린앤사이언스,A,46.8,46.8,제조업
클래시스,A,27.1,27.1,제조업
클리오,A,23.6,23.6,제조업
키다리스튜디오,A,36.9,36.9,정보통신업
키움증권,A,39.7,39.7,금융 및 보험업
곰앤컴퍼니,A,-3,-3,정보통신업
타이거일렉,A,0.1,0.1,제조업
탈모닷컴,A,0.5,0.5,제조업
탑엔지니어링,A,35.4,35.4,제조업
태경산업,A,43.2,43.2,제조업
태경피엔에스,A,60,66.7,제조업
태경화학,A,20.1,20.1,제조업
태광,A,29.2,29.2,제조업
태광산업,A,49.3,49.3,제조업
태광실업,A,31.8,31.8,제조업
태림페이퍼,A,29.3,29.3,제조업
태림포장,A,18.4,18.4,제조업
태양,A,32.6,32.6,제조업
태양금속공업,A,22.2,22.2,제조업
태양기계,A,14.7,14.7,제조업
태양씨앤엘,A,56.9,56.9,제조업
태영건설,A,60,61.5,건설업
태웅,A,42.3,42.3,제조업
태원물산,A,16.2,16.2,제조업
태진인포텍,A,29.5,29.5,정보통신업
태평양물산,A,34.8,34.8,제조업
테고사이언스,A,15.4,15.4,제조업
엔케이,A,-2.8,-2.8,제조업
테라세미콘,A,49.3,49.3,제조업
테라셈,A,18.2,18.2,제조업
테라젠이텍스,A,42.5,42.5,제조업
테스,A,43.5,43.5,제조업
테스나,A,27.2,27.2,"전문, 과학 및 기술 서비스업"
테이팩스,A,22.2,22.2,제조업
테크밸리,A,55,55,제조업
테크윙,A,14.6,14.6,제조업
텍셀네트컴,A,37.4,37.4,정보통신업
텔라움,A,41.3,41.3,제조업
텔레칩스,A,14.4,14.4,제조업
텔레필드,A,44.6,44.6,제조업
텔루스,A,7.4,7.4,제조업
텔코웨어,A,14,14,정보통신업
텔콘,A,41.3,41.3,제조업
토니모리,A,33.2,33.2,제조업
토박스코리아,A,15.1,15.1,도매 및 소매업
토비스,A,44.6,44.6,제조업
토탈소프트뱅크,A,20.4,20.4,정보통신업
토필드,A,53.6,53.6,제조업
톱텍,A,28.2,28.2,제조업
투비소프트,A,31.8,31.8,정보통신업
투에버,A,60,62.4,도매 및 소매업
투윈글로벌,A,60,69.2,정보통신업
툴젠,A,22.9,22.9,"전문, 과학 및 기술 서비스업"
트레이스,A,41.5,41.5,제조업
트루윈,A,40.5,40.5,제조업
특수건설,A,13.6,13.6,건설업
티로보틱스,A,32.6,32.6,제조업
티맥스소프트,A,38.3,38.3,정보통신업
티브로드,A,28.6,28.6,정보통신업
티비씨,A,12.2,12.2,정보통신업
티비에이치글로벌,A,25.3,25.3,제조업
티씨엠생명과학,A,38.5,38.5,"전문, 과학 및 기술 서비스업"
에스엔피제네틱스,A,-2.5,-2.5,"전문, 과학 및 기술 서비스업"
티에스아이,A,28.1,28.1,제조업
티에스엠텍,A,59.4,59.4,제조업
티에스이,A,31.4,31.4,제조업
티에스인베스트먼트,A,49.3,49.3,금융 및 보험업
티에이치엔,A,60,79.2,제조업
티웨이홀딩스,A,42.7,42.7,제조업
티이씨씨,A,38.1,38.1,제조업
티제이미디어,A,40.4,40.4,제조업
티케이케미칼,A,39.8,39.8,제조업
티플랙스,A,5,5,제조업
티피씨,A,19,19,제조업
티피씨메카트로닉스,A,29,29,제조업
틸론,A,17.7,17.7,정보통신업
팀스,A,44.8,44.8,제조업
팅크웨어,A,26.2,26.2,제조업
파나진,A,25.3,25.3,제조업
파라다이스,A,19.7,19.7,"예술, 스포츠 및 여가관련 서비스업"
파라텍,A,37.2,37.2,제조업
파루,A,36.5,36.5,제조업
파르나스호텔,A,29.4,29.4,숙박 및 음식점업
파마리서치프로덕트,A,19.6,19.6,도매 및 소매업
파멥신,A,18.5,18.5,"전문, 과학 및 기술 서비스업"
파미셀,A,41.5,41.5,제조업
파버나인,A,17.4,17.4,제조업
파세코,A,33.9,33.9,제조업
파수닷컴,A,17,17,정보통신업
파워넷,A,24.4,24.4,제조업
파워로직스,A,33.8,33.8,제조업
파이오링크,A,30.1,30.1,제조업
파인디앤씨,A,46.3,46.3,제조업
파인디지털,A,42.6,42.6,제조업
파인테크닉스,A,28.9,28.9,제조업
파인텍,A,35.6,35.6,제조업
핸즈코퍼레이션,A,-2.3,-2.3,제조업
파크시스템스,A,9.3,9.3,제조업
파트론,A,0.6,0.6,제조업
파티게임즈,A,41.5,41.5,정보통신업
팍스넷,A,24.5,24.5,정보통신업
판도라티비,A,20.3,20.3,정보통신업
판타지오,A,24.3,24.3,"예술, 스포츠 및 여가관련 서비스업"
케이알선물,A,-2.2,-2.2,금융 및 보험업
팜스코,A,43.9,43.9,제조업
팜스토리,A,38.9,38.9,제조업
팜한농,A,47.8,47.8,제조업
서플러스글로벌,A,-2,-2,도매 및 소매업
팬스타엔터프라이즈,A,0.6,0.6,제조업
팬엔터테인먼트,A,36.6,36.6,정보통신업
팬오션,A,29.2,29.2,운수 및 창고업
대한과학,A,-1.9,-1.9,도매 및 소매업
팸텍,A,15.2,15.2,제조업
퍼스텍,A,47.6,47.6,제조업
퍼시스,A,32.6,32.6,제조업
퍼시픽바이오,A,34.7,34.7,제조업
펄어비스,A,32.9,32.9,정보통신업
페이퍼코리아,A,60,60.7,제조업
펩트론,A,34.8,34.8,제조업
평안엘앤씨,A,5.4,5.4,제조업
평택에너지서비스,A,59.8,59.8,"전기, 가스, 증기 및 공기 조절 공급업"
평화산업,A,12.2,12.2,제조업
평화정공,A,14.2,14.2,제조업
평화홀딩스,A,53.5,53.5,금융 및 보험업
디아이,A,-1.5,-1.5,제조업
포비스티앤씨,A,39.1,39.1,도매 및 소매업
포스링크,A,7.7,7.7,도매 및 소매업
포스코,A,31.5,31.5,제조업
포스코강판,A,33.8,33.8,제조업
포스코건설,A,50.1,50.1,건설업
포스코대우,A,28.2,28.2,도매 및 소매업
포스코아이씨티,A,20,20,"전문, 과학 및 기술 서비스업"
포스코에너지,A,34.2,34.2,"전기, 가스, 증기 및 공기 조절 공급업"
포스코엠텍,A,30.5,30.5,제조업
포스코켐텍,A,40,40,제조업
포스코플랜텍,A,36.4,36.4,건설업
포앤티,A,34.4,34.4,제조업
포인트엔지니어링,A,29.7,29.7,제조업
포천파워,A,56.7,56.7,"전기, 가스, 증기 및 공기 조절 공급업"
포티스,A,46.7,46.7,도매 및 소매업
폭스바겐파이낸셜서비스코리아,A,3.8,3.8,금융 및 보험업
폭스브레인,A,33.3,33.3,제조업
폴라리스쉬핑,A,39.1,39.1,운수 및 창고업
폴루스,A,23.4,23.4,제조업
폴루스바이오팜,A,21.6,21.6,제조업
푸드웰,A,26,26,제조업
푸른기술,A,47.5,47.5,제조업
푸른상호저축은행,A,45.2,45.2,금융 및 보험업
풀무원,A,27.9,27.9,금융 및 보험업
풀무원식품,A,26.2,26.2,도매 및 소매업
풍국주정공업,A,30.9,30.9,제조업
풍림산업,A,34.7,34.7,건설업
풍산,A,26.1,26.1,제조업
풍산홀딩스,A,37.9,37.9,금융 및 보험업
퓨전데이타,A,28.2,28.2,정보통신업
퓨쳐스트림네트웍스,A,22.6,22.6,정보통신업
퓨쳐켐,A,23,23,제조업
프럼파스트,A,26.7,26.7,제조업
프로스테믹스,A,15.2,15.2,제조업
프로텍,A,38.9,38.9,제조업
프리엠스,A,32.1,32.1,제조업
플랜티넷,A,32.1,32.1,정보통신업
플럼라인생명과학,A,60,80.2,"전문, 과학 및 기술 서비스업"
플레이위드,A,44.1,44.1,정보통신업
포메탈,A,-1,-1,제조업
피노텍,A,31.7,31.7,정보통신업
피델릭스,A,50,50,제조업
피시피아비아이티,A,7.2,7.2,정보통신업
피씨디렉트,A,30.2,30.2,도매 및 소매업
피씨엘,A,0.8,0.8,제조업
피앤씨테크,A,30.7,30.7,제조업
피앤이솔루션,A,41.5,41.5,제조업
피앤텔,A,34.7,34.7,제조업
피에스케이,A,25,25,제조업
피에스텍,A,41.6,41.6,제조업
피엔아이시스템,A,27.6,27.6,정보통신업
피엔에스커튼월,A,4.1,4.1,제조업
피엔에이치테크,A,40.9,40.9,제조업
피엔티,A,60,86.5,제조업
피엔풍년,A,20.4,20.4,제조업
피엠디아카데미,A,22.6,22.6,교육 서비스업
피제이메탈,A,42.1,42.1,제조업
피제이전자,A,18.9,18.9,제조업
피케이밸브,A,34.5,34.5,제조업
픽셀플러스,A,42.6,42.6,제조업
필로시스,A,44.1,44.1,제조업
필룩스,A,27.7,27.7,제조업
우진엔지니어링,A,-0.9,-0.9,제조업
필옵틱스,A,30.6,30.6,제조업
하나금융지주,A,38.7,38.7,금융 및 보험업
하나금융투자,A,39.2,39.2,금융 및 보험업
하나마이크론,A,26.1,26.1,제조업
하나머티리얼즈,A,29.7,29.7,제조업
하나에프앤아이,A,55.1,55.1,금융 및 보험업
하나은행,A,39.7,39.7,금융 및 보험업
하나자산신탁,A,18.4,18.4,금융 및 보험업
하나카드,A,40.8,40.8,금융 및 보험업
하나캐피탈,A,50.7,50.7,금융 및 보험업
하나투어,A,26.6,26.6,"사업시설 관리, 사업 지원 및 임대 서비스업"
하나투어리스트,A,7,7,"사업시설 관리, 사업 지원 및 임대 서비스업"
하림,A,21.1,21.1,제조업
하림홀딩스,A,29.7,29.7,금융 및 보험업
하우동천,A,34.4,34.4,제조업
하우리,A,4.9,4.9,정보통신업
하이로닉,A,29.8,29.8,제조업
하이록코리아,A,17.6,17.6,제조업
하이비젼시스템,A,21.6,21.6,제조업
하이셈,A,53.7,53.7,"전문, 과학 및 기술 서비스업"
하이스틸,A,48,48,제조업
S&TC,A,-0.8,-0.8,제조업
하이텍팜,A,37,37,제조업
하이투자증권,A,41.6,41.6,금융 및 보험업
하이트론씨스템즈,A,36.2,36.2,제조업
하이트진로,A,28.8,28.8,제조업
하이트진로홀딩스,A,7.1,7.1,금융 및 보험업
하츠,A,18.2,18.2,제조업
한겨레신문,A,29.5,29.5,정보통신업
한국가구,A,38.9,38.9,도매 및 소매업
한국가스공사,A,30.9,30.9,"전기, 가스, 증기 및 공기 조절 공급업"
한국경제티브이,A,28.9,28.9,정보통신업
한국공항,A,13.2,13.2,운수 및 창고업
한국기업평가,A,42.6,42.6,"사업시설 관리, 사업 지원 및 임대 서비스업"
한국남동발전,A,25.5,25.5,"전기, 가스, 증기 및 공기 조절 공급업"
한국남부발전,A,32.9,32.9,"전기, 가스, 증기 및 공기 조절 공급업"
한국내화,A,45.8,45.8,제조업
한국단자공업,A,33,33,제조업
한국동서발전,A,40.4,40.4,"전기, 가스, 증기 및 공기 조절 공급업"
한국맥널티,A,24.1,24.1,제조업
한국복합물류,A,60,69.4,운수 및 창고업
한국비엔씨,A,30.8,30.8,제조업
한국서부발전,A,30,30,"전기, 가스, 증기 및 공기 조절 공급업"
한국석유공업,A,40.9,40.9,제조업
한국선재,A,27.6,27.6,제조업
한국수력원자력,A,36.7,36.7,"전기, 가스, 증기 및 공기 조절 공급업"
한국수출포장공업,A,40.2,40.2,제조업
한국쉘석유,A,30.4,30.4,제조업
한국스탠다드차타드은행,A,41.7,41.7,금융 및 보험업
한국실리콘,A,52.3,52.3,제조업
한국씨티은행,A,32.8,32.8,금융 및 보험업
한국알콜산업,A,43.2,43.2,제조업
크로넥스,A,-0.7,-0.7,"전문, 과학 및 기술 서비스업"
한국유나이티드제약,A,40.7,40.7,제조업
한국유리공업,A,39.1,39.1,제조업
한국자산신탁,A,40.6,40.6,금융 및 보험업
한국전력공사,A,26.4,26.4,"전기, 가스, 증기 및 공기 조절 공급업"
한국전력기술,A,36.3,36.3,"전문, 과학 및 기술 서비스업"
한국전자금융,A,28.9,28.9,"사업시설 관리, 사업 지원 및 임대 서비스업"
한국전자인증,A,8.5,8.5,정보통신업
한국전자홀딩스,A,38,38,금융 및 보험업
한국전파기지국,A,21.8,21.8,정보통신업
한국정밀기계,A,28.3,28.3,제조업
한국정보공학,A,29.2,29.2,도매 및 소매업
한국정보인증,A,10.6,10.6,정보통신업
한국정보통신,A,30.2,30.2,정보통신업
한국제지,A,26,26,제조업
한국종합기술,A,60,61,"전문, 과학 및 기술 서비스업"
한국주강,A,52.8,52.8,제조업
한국중부발전,A,40.6,40.6,"전기, 가스, 증기 및 공기 조절 공급업"
한국지역난방공사,A,32,32,"전기, 가스, 증기 및 공기 조절 공급업"
한국철강,A,38.6,38.6,제조업
한국카본,A,14.3,14.3,제조업
한국캐피탈,A,60,60.6,금융 및 보험업
한국컴퓨터,A,1.6,1.6,제조업
한국컴퓨터지주,A,53.9,53.9,금융 및 보험업
한국코퍼레이션,A,2.9,2.9,"사업시설 관리, 사업 지원 및 임대 서비스업"
한국콜마,A,26.2,26.2,제조업
한국콜마홀딩스,A,52.2,52.2,금융 및 보험업
한국큐빅,A,28.2,28.2,제조업
한국타이어,A,27.8,27.8,제조업
한국타이어월드와이드,A,36.1,36.1,금융 및 보험업
한국테크놀로지,A,26.7,26.7,제조업
한국토지신탁,A,53.2,53.2,금융 및 보험업
한국투자금융지주,A,7.9,7.9,금융 및 보험업
한국투자증권,A,41.4,41.4,금융 및 보험업
한국투자캐피탈,A,16.3,16.3,금융 및 보험업
한국특수형강,A,17.5,17.5,제조업
한국팩키지,A,18.2,18.2,제조업
한국프랜지공업,A,32.1,32.1,제조업
한국피엠지제약,A,30.4,30.4,제조업
한국항공우주산업,A,42.6,42.6,제조업
한국화장품,A,43.4,43.4,도매 및 소매업
한국화장품제조,A,34,34,제조업
한글과컴퓨터,A,26.1,26.1,정보통신업
한네트,A,25.5,25.5,정보통신업
한농화성,A,30.9,30.9,제조업
한독,A,28.2,28.2,제조업
한라아이엠에스,A,22.9,22.9,제조업
한라홀딩스,A,27.3,27.3,금융 및 보험업
한미글로벌건축사사무소,A,30.6,30.6,"전문, 과학 및 기술 서비스업"
한미반도체,A,40.6,40.6,제조업
한미사이언스,A,21.5,21.5,금융 및 보험업
한미약품,A,19.7,19.7,제조업
한빛소프트,A,28.1,28.1,정보통신업
한샘,A,18.3,18.3,도매 및 소매업
한섬,A,23.5,23.5,제조업
한성기업,A,44.1,44.1,제조업
한세실업,A,21.1,21.1,제조업
한세엠케이,A,27.9,27.9,도매 및 소매업
한세예스24홀딩스,A,3,3,금융 및 보험업
한솔교육,A,27.1,27.1,교육 서비스업
한솔로지스틱스,A,22.8,22.8,운수 및 창고업
한솔시큐어,A,25.9,25.9,정보통신업
한솔신텍,A,19.6,19.6,제조업
한솔씨앤피,A,40.9,40.9,제조업
한솔인티큐브,A,27.7,27.7,정보통신업
한솔제지,A,35.5,35.5,제조업
한솔케미칼,A,25.2,25.2,제조업
한솔테크닉스,A,20.2,20.2,제조업
한솔피엔에스,A,25.2,25.2,도매 및 소매업
한솔홀딩스,A,27.6,27.6,금융 및 보험업
한솔홈데코,A,35.9,35.9,제조업
한신공영,A,51.7,51.7,건설업
한신기계공업,A,43.2,43.2,제조업
한양,A,52.1,52.1,건설업
한양디지텍,A,50.2,50.2,제조업
한양이엔지,A,21.1,21.1,"전문, 과학 및 기술 서비스업"
한양증권,A,56.5,56.5,금융 및 보험업
한온시스템,A,17,17,제조업
한올바이오파마,A,29.3,29.3,제조업
한익스프레스,A,33.2,33.2,운수 및 창고업
한일개발,A,27,27,"예술, 스포츠 및 여가관련 서비스업"
한일건설,A,39.7,39.7,건설업
한일네트웍스,A,18.8,18.8,정보통신업
한일단조공업,A,22.3,22.3,제조업
한일사료,A,53.2,53.2,제조업
한일시멘트,A,48.8,48.8,제조업
한일진공,A,45,45,제조업
한일철강,A,30.9,30.9,제조업
한일화학공업,A,21.5,21.5,제조업
한전KPS,A,37.3,37.3,건설업
한전산업개발,A,27,27,"전문, 과학 및 기술 서비스업"
한중엔시에스,A,12.1,12.1,제조업
한진,A,25.6,25.6,운수 및 창고업
한진중공업,A,38.8,38.8,건설업
한진중공업홀딩스,A,37.5,37.5,금융 및 보험업
한진칼,A,23,23,금융 및 보험업
한창,A,50.9,50.9,도매 및 소매업
한창산업,A,33.6,33.6,제조업
한창제지,A,36.6,36.6,제조업
한컴MDS,A,32.1,32.1,정보통신업
한컴시큐어,A,20.4,20.4,정보통신업
한컴지엠디,A,23.5,23.5,정보통신업
한탑,A,31,31,제조업
한프,A,32.5,32.5,제조업
한화,A,33,33,제조업
한화갤러리아,A,45.5,45.5,도매 및 소매업
한화갤러리아타임월드,A,38.8,38.8,도매 및 소매업
한화건설,A,60,67.4,건설업
한화생명보험,A,39.6,39.6,금융 및 보험업
한화손해보험,A,37.4,37.4,금융 및 보험업
한화에너지,A,40.3,40.3,"전기, 가스, 증기 및 공기 조절 공급업"
한화케미칼,A,51.5,51.5,제조업
한화테크윈,A,37.8,37.8,제조업
한화토탈,A,36.1,36.1,제조업
한화투자증권,A,35.7,35.7,금융 및 보험업
한화호텔앤드리조트,A,44.5,44.5,숙박 및 음식점업
해덕파워웨이,A,59.4,59.4,제조업
해마로푸드서비스,A,18.7,18.7,도매 및 소매업
해성굿쓰리,A,16.2,16.2,제조업
해성디에스,A,35.3,35.3,제조업
해성산업,A,26.8,26.8,부동산업
해성옵틱스,A,26.7,26.7,제조업
해원에스티,A,26.5,26.5,제조업
해태제과식품,A,37.8,37.8,제조업
해피드림,A,5.8,5.8,운수 및 창고업
핸디소프트,A,19.2,19.2,정보통신업
한국우사회,A,-0.4,-0.4,"예술, 스포츠 및 여가관련 서비스업"
행남자기,A,18.9,18.9,제조업
현대EP,A,28.8,28.8,제조업
현대건설,A,43,43,건설업
현대건설기계,A,34.9,34.9,제조업
현대공업,A,22.1,22.1,제조업
현대그린푸드,A,25.2,25.2,도매 및 소매업
현대다이모스,A,30.7,30.7,제조업
현대로템,A,35.4,35.4,제조업
현대리바트,A,28.3,28.3,제조업
현대모비스,A,31.2,31.2,제조업
현대미포조선,A,33.2,33.2,제조업
현대백화점,A,46.4,46.4,도매 및 소매업
현대비앤지스틸,A,38,38,제조업
현대산업개발,A,49.9,49.9,건설업
현대삼호중공업,A,31.8,31.8,제조업
현대상선,A,46,46,운수 및 창고업
현대스틸산업,A,39.6,39.6,건설업
현대시멘트,A,33.9,33.9,제조업
현대아산,A,46.4,46.4,"사업시설 관리, 사업 지원 및 임대 서비스업"
현대아이비티,A,36.1,36.1,제조업
현대에이치씨엔,A,41.4,41.4,정보통신업
현대엔지니어링,A,40.1,40.1,"전문, 과학 및 기술 서비스업"
현대엘리베이터,A,37,37,제조업
현대엠엔소프트,A,28.1,28.1,정보통신업
현대오일뱅크,A,59,59,제조업
현대위아,A,40,40,제조업
현대일렉트릭앤에너지시스템,A,35.1,35.1,제조업
현대자동차,A,21.5,21.5,제조업
현대정보기술,A,20.4,20.4,정보통신업
현대제철,A,37.2,37.2,제조업
현대종합상사,A,41.9,41.9,도매 및 소매업
현대종합특수강,A,39.7,39.7,제조업
현대중공업,A,37,37,제조업
현대중공업지주,A,34.6,34.6,금융 및 보험업
현대차투자증권,A,46.6,46.6,금융 및 보험업
현대카드,A,40.2,40.2,금융 및 보험업
현대캐피탈,A,44.8,44.8,금융 및 보험업
현대커머셜,A,57.4,57.4,금융 및 보험업
현대케피코,A,4.4,4.4,제조업
현대코퍼레이션홀딩스,A,27.1,27.1,도매 및 소매업
현대통신,A,40,40,제조업
현대해상화재보험,A,47.4,47.4,금융 및 보험업
현대홈쇼핑,A,28.5,28.5,도매 및 소매업
현성바이탈,A,36.8,36.8,제조업
현우산업,A,15.4,15.4,제조업
에스비에스콘텐츠허브,A,-0.3,-0.3,정보통신업
현진소재,A,32,32,제조업
형지아이앤씨,A,26.1,26.1,제조업
혜인,A,36,36,도매 및 소매업
호전실업,A,40.3,40.3,제조업
호텔롯데,A,23.8,23.8,숙박 및 음식점업
호텔신라,A,30.7,30.7,도매 및 소매업
홈센타홀딩스,A,33.8,33.8,금융 및 보험업
홈캐스트,A,46.4,46.4,제조업
화성도시공사,A,22,22,건설업
화성산업,A,46.1,46.1,건설업
화승알앤에이,A,20.2,20.2,제조업
화승엔터프라이즈,A,60,72.4,금융 및 보험업
화승인더스트리,A,30.9,30.9,제조업
화신,A,19.6,19.6,제조업
화신정공,A,24.5,24.5,제조업
화신테크,A,35.2,35.2,제조업
화이브라더스코리아,A,24,24,"예술, 스포츠 및 여가관련 서비스업"
화인베스틸,A,51.2,51.2,제조업
화인파트너스,A,20.7,20.7,금융 및 보험업
화일약품,A,28.6,28.6,제조업
화진,A,25.6,25.6,제조업
화천기계,A,33,33,제조업
화천기공,A,51.8,51.8,제조업
환영철강공업,A,33.7,33.7,제조업
환인제약,A,29.8,29.8,제조업
황금에스티,A,27.1,27.1,제조업
효성,A,36.5,36.5,제조업
효성아이티엑스,A,19.5,19.5,"사업시설 관리, 사업 지원 및 임대 서비스업"
효성캐피탈,A,53,53,금융 및 보험업
후성,A,53.6,53.6,제조업
후이즈,A,34.2,34.2,정보통신업
휘닉스소재,A,29.2,29.2,제조업
휘라포토닉스,A,36.1,36.1,제조업
휠라코리아,A,30,30,도매 및 소매업
휴니드테크놀러지스,A,37,37,제조업
휴럼,A,21.1,21.1,제조업
휴마시스,A,22.7,22.7,제조업
휴맥스,A,23.5,23.5,제조업
휴맥스홀딩스,A,60,73,"전문, 과학 및 기술 서비스업"
휴메딕스,A,35.4,35.4,제조업
휴벡셀,A,44.1,44.1,제조업
휴비스,A,33.6,33.6,제조업
휴비츠,A,10.5,10.5,제조업
휴스틸,A,32.1,32.1,제조업
휴온스,A,20.2,20.2,제조업
휴온스글로벌,A,13.6,13.6,금융 및 보험업
휴젤,A,54.5,54.5,제조업
휴켐스,A,59.7,59.7,제조업
휴코드,A,10.3,10.3,"전문, 과학 및 기술 서비스업"
흥구석유,A,40.7,40.7,도매 및 소매업
흥국,A,42.2,42.2,제조업
흥국생명보험,A,50,50,금융 및 보험업
흥국에프엔비,A,18.9,18.9,제조업
흥국화재해상보험,A,50.6,50.6,금융 및 보험업
흥아해운,A,12.3,12.3,운수 및 창고업
희림종합건축사사무소,A,31.8,31.8,"전문, 과학 및 기술 서비스업"
힘스,A,19.2,19.2,제조업
